# ************************************************************
# Sequel Ace SQL dump
# 版本号： 20096
#
# https://sequel-ace.com/
# https://github.com/Sequel-Ace/Sequel-Ace
#
# 主机: 127.0.0.1 (MySQL 8.0.42)
# 数据库: db_diancan
# 生成时间: 2026-03-02 15:31:31 +0000
# ************************************************************


/*!40101 SET @OLD_CHARACTER_SET_CLIENT=@@CHARACTER_SET_CLIENT */;
/*!40101 SET @OLD_CHARACTER_SET_RESULTS=@@CHARACTER_SET_RESULTS */;
/*!40101 SET @OLD_COLLATION_CONNECTION=@@COLLATION_CONNECTION */;
SET NAMES utf8mb4;
/*!40014 SET @OLD_FOREIGN_KEY_CHECKS=@@FOREIGN_KEY_CHECKS, FOREIGN_KEY_CHECKS=0 */;
/*!40101 SET @OLD_SQL_MODE='NO_AUTO_VALUE_ON_ZERO', SQL_MODE='NO_AUTO_VALUE_ON_ZERO' */;
/*!40111 SET @OLD_SQL_NOTES=@@SQL_NOTES, SQL_NOTES=0 */;


# 转储表 cart
# ------------------------------------------------------------

DROP TABLE IF EXISTS `cart`;

CREATE TABLE `cart` (
  `table_num` varchar(50) CHARACTER SET utf8mb3 COLLATE utf8mb3_general_ci DEFAULT NULL COMMENT '桌号',
  `cid` text CHARACTER SET utf8mb3 COLLATE utf8mb3_general_ci COMMENT 'cid',
  `good_index` int DEFAULT NULL COMMENT '商品索引',
  `id` int DEFAULT NULL COMMENT '商品id',
  `image` varchar(255) CHARACTER SET utf8mb3 COLLATE utf8mb3_general_ci DEFAULT NULL COMMENT '图片',
  `name` varchar(255) CHARACTER SET utf8mb3 COLLATE utf8mb3_general_ci DEFAULT NULL COMMENT '名称',
  `quantity` int DEFAULT NULL COMMENT '数量',
  `unit` varchar(255) CHARACTER SET utf8mb3 COLLATE utf8mb3_general_ci DEFAULT NULL COMMENT '单位',
  `total_price` decimal(10,2) DEFAULT NULL COMMENT '总价',
  `unitprice` decimal(10,2) DEFAULT NULL COMMENT '单价'
) ENGINE=InnoDB DEFAULT CHARSET=utf8mb3 ROW_FORMAT=DYNAMIC;

LOCK TABLES `cart` WRITE;
/*!40000 ALTER TABLE `cart` DISABLE KEYS */;

INSERT INTO `cart` (`table_num`, `cid`, `good_index`, `id`, `image`, `name`, `quantity`, `unit`, `total_price`, `unitprice`)
VALUES
	('10','a20231231081220000000622',0,2,'002.jpg','番茄炒鸡蛋',2,'盘',16.00,8.00),
	('44','a20231231081220000000622',0,2,'002.jpg','番茄炒鸡蛋',2,'盘',16.00,8.00),
	('44','a20231231081220000000622',1,4,'004.jpg','豆芽菜',3,'份',6.00,2.00),
	('44','a20231231081220000000643',0,9,'009.jpg','土豆牛肉',2,'盘',46.00,23.00),
	('13','a20250528092037000000996',0,25,'20250528093209000000902.webp','面皮',1,'盘',8.00,8.00),
	('23','a20250528092037000000996',0,24,'20250528093150000000190.webp','肉夹馍',2,'份',14.00,7.00),
	('23','a20250528092037000000996',0,25,'20250528093209000000902.webp','面皮',13,'盘',104.00,8.00),
	('23','a20250528092050000000763',1,29,'20250528093421000000858.webp','红烧鱼',3,'盘',60.00,20.00),
	('23','a20250528092050000000763',2,30,'20250528093725000000998.webp','土豆丝',0,'盘',0.00,10.00);

/*!40000 ALTER TABLE `cart` ENABLE KEYS */;
UNLOCK TABLES;


# 转储表 t_admin
# ------------------------------------------------------------

DROP TABLE IF EXISTS `t_admin`;

CREATE TABLE `t_admin` (
  `id` int NOT NULL AUTO_INCREMENT,
  `userName` varchar(22) DEFAULT NULL,
  `password` varchar(32) DEFAULT NULL,
  PRIMARY KEY (`id`)
) ENGINE=InnoDB DEFAULT CHARSET=utf8mb3;

LOCK TABLES `t_admin` WRITE;
/*!40000 ALTER TABLE `t_admin` DISABLE KEYS */;

INSERT INTO `t_admin` (`id`, `userName`, `password`)
VALUES
	(1,'admin','21232f297a57a5a743894a0e4a801fc3');

/*!40000 ALTER TABLE `t_admin` ENABLE KEYS */;
UNLOCK TABLES;


# 转储表 t_announcement
# ------------------------------------------------------------

DROP TABLE IF EXISTS `t_announcement`;

CREATE TABLE `t_announcement` (
  `id` int NOT NULL AUTO_INCREMENT COMMENT '编号',
  `content` varchar(500) DEFAULT NULL COMMENT '公告内容',
  `createTime` datetime DEFAULT NULL COMMENT '创建时间',
  `status` int DEFAULT '1' COMMENT '状态：0-禁用，1-启用',
  PRIMARY KEY (`id`)
) ENGINE=InnoDB DEFAULT CHARSET=utf8mb3;

LOCK TABLES `t_announcement` WRITE;
/*!40000 ALTER TABLE `t_announcement` DISABLE KEYS */;

INSERT INTO `t_announcement` (`id`, `content`, `createTime`, `status`)
VALUES
	(7,'今日打烊时间：10点30分','2026-03-01 20:32:47',1),
	(8,'欢迎光临智慧餐厅','2026-03-01 20:38:38',1);

/*!40000 ALTER TABLE `t_announcement` ENABLE KEYS */;
UNLOCK TABLES;


# 转储表 t_category
# ------------------------------------------------------------

DROP TABLE IF EXISTS `t_category`;

CREATE TABLE `t_category` (
  `id` int NOT NULL AUTO_INCREMENT,
  `label` varchar(30) DEFAULT NULL,
  `value` varchar(30) DEFAULT NULL,
  `count` int DEFAULT NULL,
  `sele_quantity` int DEFAULT '0',
  `cid` varchar(30) DEFAULT NULL,
  PRIMARY KEY (`id`)
) ENGINE=InnoDB DEFAULT CHARSET=utf8mb3;

LOCK TABLES `t_category` WRITE;
/*!40000 ALTER TABLE `t_category` DISABLE KEYS */;

INSERT INTO `t_category` (`id`, `label`, `value`, `count`, `sele_quantity`, `cid`)
VALUES
	(7,'快餐类','快餐类',0,0,'a20250528092037000000996'),
	(8,'中餐类','中餐类',0,0,'a20250528092050000000763'),
	(11,'酒水类','酒水类',0,0,'a20250820060501000000096'),
	(14,'甜品类','甜品类',0,0,'a20251225124312000000329'),
	(15,'套餐推荐','套餐推荐',0,0,'a20260302100932000000068');

/*!40000 ALTER TABLE `t_category` ENABLE KEYS */;
UNLOCK TABLES;


# 转储表 t_daily_cost
# ------------------------------------------------------------

DROP TABLE IF EXISTS `t_daily_cost`;

CREATE TABLE `t_daily_cost` (
  `id` int NOT NULL AUTO_INCREMENT,
  `cost_date` date NOT NULL,
  `total_cost` decimal(10,2) NOT NULL,
  `total_revenue` decimal(10,2) NOT NULL,
  `profit` decimal(10,2) NOT NULL,
  `cost_detail` text,
  `create_time` datetime NOT NULL,
  `remark` varchar(255) DEFAULT NULL,
  PRIMARY KEY (`id`)
) ENGINE=InnoDB DEFAULT CHARSET=utf8mb3;

LOCK TABLES `t_daily_cost` WRITE;
/*!40000 ALTER TABLE `t_daily_cost` DISABLE KEYS */;

INSERT INTO `t_daily_cost` (`id`, `cost_date`, `total_cost`, `total_revenue`, `profit`, `cost_detail`, `create_time`, `remark`)
VALUES
	(1,'2025-06-04',90.00,166.00,76.00,'{\"食材\":50,\"人工\":30,\"水电\":10}','2025-06-04 20:00:00','正常营业'),
	(2,'2025-06-05',120.00,231.00,111.00,'{\"食材\":70,\"人工\":40,\"水电\":10}','2025-06-05 20:00:00','开门\n'),
	(3,'2025-06-06',218.00,178.00,-40.00,'{\"食材\":178,\"人工\":30,\"水电\":10}','2025-06-06 20:00:00','正常营业\n'),
	(11,'2025-06-04',67.00,166.00,99.00,'{\"食材\":44,\"人工\":12,\"水电\":11}','2025-06-06 21:24:01','开了'),
	(15,'2025-06-01',1093.00,0.00,-1093.00,'{\"食材\":88,\"人工\":993,\"水电\":12}','2025-06-07 04:14:06','8'),
	(19,'2025-05-23',330.00,430.00,100.00,'{\"食材\":168,\"人工\":100,\"水电\":62}','2025-06-07 05:38:04',''),
	(20,'2025-05-17',109.00,138.00,29.00,'{\"食材\":100,\"人工\":9,\"水电\":0}','2025-06-07 05:45:22',''),
	(21,'2025-06-07',12225.00,265.00,-11960.00,'{\"食材\":12222,\"人工\":1,\"水电\":2}','2025-06-07 12:33:50',''),
	(22,'2025-06-10',730.00,751.00,21.00,'{\"食材\":119,\"人工\":599,\"水电\":12}','2025-06-10 16:31:07','你好\n'),
	(23,'2025-05-28',0.00,21.00,21.00,NULL,'2025-06-10 16:36:41',NULL),
	(24,'2025-05-11',0.00,40.00,40.00,NULL,'2025-06-10 19:35:57',NULL),
	(25,'2025-05-12',0.00,4.00,4.00,NULL,'2025-06-10 19:35:59',NULL),
	(26,'2023-12-27',0.00,100.00,100.00,NULL,'2025-06-10 19:36:18',NULL),
	(27,'2024-01-06',0.00,8.00,8.00,NULL,'2025-06-10 19:36:30',NULL),
	(31,'2025-06-11',32.00,97.00,65.00,'{\"食材\":32,\"人工\":0,\"水电\":0}','2025-06-12 22:29:09','0'),
	(33,'2025-06-13',278.00,339.00,61.00,'{\"食材\":278,\"人工\":0,\"水电\":0}','2025-06-13 02:40:00',''),
	(34,'2025-06-17',0.00,22.00,22.00,NULL,'2025-06-17 16:23:55',NULL),
	(35,'2025-06-20',0.00,3.00,3.00,NULL,'2025-06-20 10:20:11',NULL),
	(36,'2025-06-26',0.00,7.00,7.00,NULL,'2025-07-01 19:52:13',NULL),
	(37,'2025-07-01',101.00,21.00,-80.00,'{\"食材\":12,\"人工\":23,\"水电\":66}','2025-07-01 19:55:12','12'),
	(41,'2025-07-23',0.00,7.00,7.00,NULL,'2025-07-23 19:48:36',NULL),
	(42,'2025-08-01',0.00,35.00,35.00,NULL,'2025-08-01 19:56:36',NULL),
	(43,'2025-08-20',0.00,19.00,19.00,NULL,'2025-08-20 18:18:34',NULL),
	(44,'2025-09-27',0.00,1.00,1.00,NULL,'2025-10-03 12:37:09',NULL),
	(46,'2025-10-22',0.00,82.00,82.00,NULL,'2025-10-22 23:09:19',NULL),
	(48,'2025-10-23',24.00,32.00,8.00,'{\"食材\":22,\"人工\":1,\"水电\":1}','2025-10-23 13:04:10','北京\n'),
	(49,'2025-12-25',0.00,58.00,58.00,NULL,'2025-12-25 12:46:18',NULL),
	(50,'2026-01-30',0.00,86.00,86.00,NULL,'2026-01-30 10:38:06',NULL),
	(51,'2026-02-28',0.00,30.00,30.00,NULL,'2026-02-28 18:42:42',NULL),
	(52,'2026-03-01',0.00,109.00,109.00,NULL,'2026-03-01 20:41:38',NULL),
	(53,'2026-03-02',0.00,10.00,10.00,NULL,'2026-03-02 22:18:28',NULL);

/*!40000 ALTER TABLE `t_daily_cost` ENABLE KEYS */;
UNLOCK TABLES;


# 转储表 t_dish
# ------------------------------------------------------------

DROP TABLE IF EXISTS `t_dish`;

CREATE TABLE `t_dish` (
  `id` int NOT NULL AUTO_INCREMENT,
  `name` varchar(50) DEFAULT NULL COMMENT '菜品名称',
  `image` varchar(50) DEFAULT NULL COMMENT '菜品图片',
  `typeId` int DEFAULT NULL COMMENT '类别ID',
  `monthlysale` int DEFAULT '0' COMMENT '商品销售量',
  `unitprice` decimal(6,2) DEFAULT NULL COMMENT '商品单价',
  `unit` varchar(10) DEFAULT NULL COMMENT '商品单位',
  `quantity` int DEFAULT '0' COMMENT '商品数量',
  `time` datetime DEFAULT NULL COMMENT '上架时间',
  `onsale` bit(1) DEFAULT NULL COMMENT 'true：上架 false：下架',
  `totalSale` int DEFAULT '0',
  PRIMARY KEY (`id`)
) ENGINE=InnoDB DEFAULT CHARSET=utf8mb3;

LOCK TABLES `t_dish` WRITE;
/*!40000 ALTER TABLE `t_dish` DISABLE KEYS */;

INSERT INTO `t_dish` (`id`, `name`, `image`, `typeId`, `monthlysale`, `unitprice`, `unit`, `quantity`, `time`, `onsale`, `totalSale`)
VALUES
	(25,'面皮','20250528093209000000902.webp',7,2,1.00,'盘',13,'2025-06-11 00:59:13',b'1',25),
	(26,'番茄炒蛋','20250528093245000000560.webp',7,5,10.00,'盘',1,'2025-06-10 17:44:10',b'1',6),
	(27,'米饭','20250528093305000000564.webp',7,2,2.00,'份',1,'2025-10-23 12:48:32',b'1',7),
	(28,'红烧肉','20250528093337000000597.webp',8,6,15.00,'盘',1,'2025-06-10 18:23:48',b'1',20),
	(30,'土豆丝','20250528093725000000998.webp',8,1,10.00,'盘',0,'2025-06-10 20:09:59',b'1',0),
	(31,'糖醋排骨','20250612115629000000437.jpeg',8,1,20.00,'份',0,'2025-06-12 23:56:31',b'1',0),
	(38,'草莓蛋糕','20251225124320000000709.jpg',14,4,15.00,'个',0,'2025-12-25 12:43:49',b'1',0),
	(39,'6-8人餐','20260302101207000000029.jpg',15,0,298.00,'',0,'2026-03-02 22:12:25',b'1',0),
	(40,'10人套餐','20260302101251000000828.jpg',15,0,520.00,'份',0,'2026-03-02 22:12:53',b'1',0);

/*!40000 ALTER TABLE `t_dish` ENABLE KEYS */;
UNLOCK TABLES;


# 转储表 t_order
# ------------------------------------------------------------

DROP TABLE IF EXISTS `t_order`;

CREATE TABLE `t_order` (
  `id` int NOT NULL AUTO_INCREMENT,
  `order_no` varchar(100) DEFAULT NULL COMMENT '订单号',
  `table_number` varchar(50) DEFAULT NULL COMMENT '桌号',
  `number_of_diners` int DEFAULT NULL COMMENT '用餐人数',
  `sett_amount` decimal(6,2) DEFAULT NULL COMMENT '计算总价',
  `transac_status` varchar(50) DEFAULT NULL COMMENT '结账状态',
  `order_receiving` varchar(50) DEFAULT NULL COMMENT '接单状态',
  `order_time` datetime DEFAULT NULL COMMENT '下单时间',
  `rating` int DEFAULT NULL COMMENT '就餐评分 (1-10 分)',
  `comment` text DEFAULT NULL COMMENT '文字评价',
  `comment_time` datetime DEFAULT NULL COMMENT '评价时间',
  `is_delivered` bit(1) DEFAULT b'0' COMMENT '是否已派送 (0/1)',
  `delivery_time` datetime DEFAULT NULL COMMENT '派送时间',
  `pay_time` datetime DEFAULT NULL COMMENT '支付时间',
  `transaction_id` varchar(100) DEFAULT NULL COMMENT '支付交易号',
  PRIMARY KEY (`id`)
) ENGINE=InnoDB DEFAULT CHARSET=utf8mb3;

LOCK TABLES `t_order` WRITE;
/*!40000 ALTER TABLE `t_order` DISABLE KEYS */;

INSERT INTO `t_order` (`id`, `order_no`, `table_number`, `number_of_diners`, `sett_amount`, `transac_status`, `order_receiving`, `order_time`, `rating`, `comment_time`, `is_delivered`, `delivery_time`, `pay_time`, `transaction_id`)
VALUES
	(111,'','001',3,25.00,'success','rec_order','2025-05-28 10:00:00',NULL,NULL,b'0',NULL,NULL,NULL),
	(112,'1703660114031549977','001',2,20.00,'success','unrec_order','2025-05-27 14:00:00',NULL,NULL,b'0',NULL,NULL,NULL),
	(113,'1703660285087610113','001',2,4.00,'success','unrec_order','2025-05-26 16:00:00',NULL,NULL,b'0',NULL,NULL,NULL),
	(114,'1703660359217216862','001',2,4.00,'success','unrec_order','2025-05-25 11:00:00',NULL,NULL,b'0',NULL,NULL,NULL),
	(115,'1703660396904208074','001',2,12.00,'success','unrec_order','2025-05-24 13:00:00',NULL,NULL,b'0',NULL,NULL,NULL),
	(116,'1703660441648671550','001',2,4.00,'success','unrec_order','2025-05-23 15:00:00',NULL,NULL,b'0',NULL,NULL,NULL),
	(117,'1703661387477235756','001',2,28.00,'success','unrec_order','2025-05-22 17:00:00',NULL,NULL,b'0',NULL,NULL,NULL),
	(118,'1703661527404134649','001',2,12.00,'success','rec_order','2025-04-15 10:00:00',NULL,NULL,b'0',NULL,NULL,NULL),
	(119,'1703663767482117806','001',2,10.00,'success','rec_order','2025-03-10 14:00:00',NULL,NULL,b'0',NULL,NULL,NULL),
	(120,'1703664055382781510','001',2,25.00,'success','rec_order','2025-02-05 16:00:00',NULL,NULL,b'0',NULL,NULL,NULL),
	(121,'1703664130932665076','001',2,16.00,'success','rec_order','2025-01-20 11:00:00',NULL,NULL,b'0',NULL,NULL,NULL),
	(122,'1703664450449050148','001',3,16.00,'success','rec_order','2024-12-15 10:00:00',NULL,NULL,b'0',NULL,NULL,NULL),
	(123,'1703664587330867313','001',3,16.00,'success','rec_order','2023-11-10 14:00:00',NULL,NULL,b'0',NULL,NULL,NULL),
	(124,'1703665168542550837','001',3,16.00,'success','rec_order','2023-12-27 16:19:30',NULL,NULL,b'0',NULL,NULL,NULL),
	(125,'1703665435502069603','001',3,20.00,'success','rec_order','2023-12-27 16:23:57',NULL,NULL,b'0',NULL,NULL,NULL),
	(126,'1703665523790011414','001',3,16.00,'success','rec_order','2023-12-27 16:25:25',NULL,NULL,b'0',NULL,NULL,NULL),
	(127,'1703665595693085092','001',3,16.00,'success','rec_order','2023-12-27 16:26:37',NULL,NULL,b'0',NULL,NULL,NULL),
	(128,'1703665658059419518','001',3,16.00,'success','rec_order','2023-12-27 16:27:39',NULL,NULL,b'0',NULL,NULL,NULL),
	(129,'1703665727638472229','001',3,16.00,'unpaid','unrec_order','2023-12-27 16:28:49',NULL,NULL,b'0',NULL,NULL,NULL),
	(130,'1703666271631627095','001',3,16.00,'unpaid','unrec_order','2023-12-27 16:37:53',NULL,NULL,b'0',NULL,NULL,NULL),
	(131,'1703666344578714707','001',3,16.00,'unpaid','unrec_order','2023-12-27 16:39:06',NULL,NULL,b'0',NULL,NULL,NULL),
	(132,'1703666445366893560','001',3,16.00,'unpaid','unrec_order','2023-12-27 16:40:46',NULL,NULL,b'0',NULL,NULL,NULL),
	(133,'1703671197800871544','001',3,16.00,'unpaid','unrec_order','2023-12-27 17:59:59',NULL,NULL,b'0',NULL,NULL,NULL),
	(134,'1703676257619139895','001',3,20.00,'unpaid','unrec_order','2023-12-27 19:24:19',NULL,NULL,b'0',NULL,NULL,NULL),
	(135,'1703676464583649125','001',3,4.00,'unpaid','unrec_order','2023-12-27 19:27:46',NULL,NULL,b'0',NULL,NULL,NULL),
	(136,'1703676768457092309','001',3,9.00,'success','rec_order','2023-12-20 19:32:49',NULL,NULL,b'0',NULL,NULL,NULL),
	(137,'1703677032946739286','001',3,16.00,'success','rec_order','2023-12-21 19:37:14',NULL,NULL,b'0',NULL,NULL,NULL),
	(138,'1703677235358631667','001',3,4.00,'success','rec_order','2023-12-22 19:40:36',NULL,NULL,b'0',NULL,NULL,NULL),
	(139,'1703677357533249882','001',3,4.00,'success','rec_order','2023-12-23 19:42:39',NULL,NULL,b'0',NULL,NULL,NULL),
	(140,'1703677443346977265','001',3,20.00,'success','rec_order','2023-12-24 19:44:04',NULL,NULL,b'0',NULL,NULL,NULL),
	(141,'1703677616146590745','001',3,20.00,'success','rec_order','2023-12-25 19:46:57',NULL,NULL,b'0',NULL,NULL,NULL),
	(142,'1703677688482963158','001',3,16.00,'success','rec_order','2023-12-26 19:48:09',NULL,NULL,b'0',NULL,NULL,NULL),
	(143,'1703678339642026438','001',3,24.00,'success','rec_order','2023-12-26 19:59:01',NULL,NULL,b'0',NULL,NULL,NULL),
	(144,'1703678817303655701','001',3,16.00,'success','rec_order','2023-12-27 20:06:58',NULL,NULL,b'0',NULL,NULL,NULL),
	(145,'1703679068439180688','001',3,87.00,'success','rec_order','2023-12-27 20:11:09',NULL,NULL,b'0',NULL,NULL,NULL),
	(146,'1704541706027795996','001',3,85.00,'success','rec_order','2024-01-06 19:48:27',NULL,NULL,b'0',NULL,NULL,NULL),
	(147,'1704546824607468316','001',2,8.00,'success','rec_order','2024-01-06 21:13:46',NULL,NULL,b'0',NULL,NULL,NULL),
	(148,'1704547242604949256','001',3,20.00,'unpaid','unrec_order','2024-01-06 21:20:44',NULL,NULL,b'0',NULL,NULL,NULL),
	(149,'1704547443600815626','001',3,17.00,'success','rec_order','2024-01-06 21:24:05',NULL,NULL,b'0',NULL,NULL,NULL),
	(150,'1746971781349216996','12',2,7.50,'success','rec_order','2025-05-11 21:56:22',NULL,NULL,b'0',NULL,NULL,NULL),
	(151,'1746972664792299565','12',2,10.00,'success','rec_order','2025-05-11 22:11:06',NULL,NULL,b'0',NULL,NULL,NULL),
	(152,'1746972796009210154','12',2,156.00,'success','rec_order','2025-05-11 22:13:17',NULL,NULL,b'0',NULL,NULL,NULL),
	(153,'1746973078861581025','12',2,40.00,'success','rec_order','2025-05-11 22:18:00',NULL,NULL,b'0',NULL,NULL,NULL),
	(154,'1746973187900824333','12',2,32.00,'success','rec_order','2025-05-11 22:19:49',NULL,NULL,b'0',NULL,NULL,NULL),
	(155,'1747018869178164974','12',1,4.00,'success','rec_order','2025-05-12 11:01:10',NULL,NULL,b'0',NULL,NULL,NULL),
	(156,'1747440512015949012','22',2,46.00,'success','rec_order','2025-05-17 08:08:33',NULL,NULL,b'0',NULL,NULL,NULL),
	(157,'1747440542806119559','22',2,46.00,'success','unrec_order','2025-05-17 08:09:04',NULL,NULL,b'0',NULL,NULL,NULL),
	(158,'1747440601832279375','44',2,46.00,'success','rec_order','2025-05-17 08:10:03',NULL,NULL,b'0',NULL,NULL,NULL),
	(159,'1747441199293107344','44',2,46.00,'success','rec_order','2025-05-17 08:20:00',NULL,NULL,b'0',NULL,NULL,NULL),
	(160,'1747441356331786446','44',2,46.00,'unpaid','unrec_order','2025-05-17 08:22:37',NULL,NULL,b'0',NULL,NULL,NULL),
	(161,'1747441358356777139','44',2,46.00,'success','rec_order','2025-05-17 08:22:39',NULL,NULL,b'0',NULL,NULL,NULL),
	(162,'1747959354468950182','10',2,16.00,'success','rec_order','2025-05-23 08:15:55',NULL,NULL,b'0',NULL,NULL,NULL),
	(163,'1747969136590771165','44',1,50.00,'success','rec_order','2025-05-23 10:58:58',NULL,NULL,b'0',NULL,NULL,NULL),
	(164,'1747969138600895340','44',1,50.00,'unpaid','unrec_order','2025-05-23 10:59:00',NULL,NULL,b'0',NULL,NULL,NULL),
	(165,'1747969140605124792','44',1,50.00,'unpaid','rec_order','2025-05-23 10:59:02',NULL,NULL,b'0',NULL,NULL,NULL),
	(166,'1747969142611380727','44',1,50.00,'success','rec_order','2025-05-23 10:59:04',NULL,NULL,b'0',NULL,NULL,NULL),
	(167,'1747969144616250302','44',1,50.00,'success','rec_order','2025-05-23 10:59:06',NULL,NULL,b'0',NULL,NULL,NULL),
	(168,'1747969146620237653','44',1,50.00,'success','rec_order','2025-05-23 10:59:14',NULL,NULL,b'0',NULL,NULL,NULL),
	(169,'1747969148624787299','44',1,50.00,'success','rec_order','2025-05-23 10:59:14',NULL,NULL,b'0',NULL,NULL,NULL),
	(170,'1747969150631852306','44',1,50.00,'unpaid','rec_order','2025-05-23 10:59:14',NULL,NULL,b'0',NULL,NULL,NULL),
	(171,'1747969152640488811','44',1,50.00,'success','rec_order','2025-05-23 10:59:14',NULL,NULL,b'0',NULL,NULL,NULL),
	(172,'1747969164370759363','44',1,62.00,'success','unrec_order','2025-05-23 10:59:25',NULL,NULL,b'0',NULL,NULL,NULL),
	(173,'1747969166376781915','44',1,62.00,'success','rec_order','2025-05-23 10:59:27',NULL,NULL,b'0',NULL,NULL,NULL),
	(174,'1747969168381212556','44',1,62.00,'success','rec_order','2025-05-23 10:59:29',NULL,NULL,b'0',NULL,NULL,NULL),
	(175,'1747969170386437272','44',1,62.00,'success','rec_order','2025-05-23 10:59:31',NULL,NULL,b'0',NULL,NULL,NULL),
	(176,'1747969172392958097','44',1,62.00,'success','rec_order','2025-05-23 10:59:33',NULL,NULL,b'0',NULL,NULL,NULL),
	(177,'1747969181258841668','44',1,68.00,'success','rec_order','2025-05-23 10:59:42',NULL,NULL,b'0',NULL,NULL,NULL),
	(178,'1747969183264292759','44',1,68.00,'success','rec_order','2025-05-23 10:59:44',NULL,NULL,b'0',NULL,NULL,NULL),
	(179,'1747969185269121344','44',1,68.00,'success','rec_order','2025-05-23 10:59:46',NULL,NULL,b'0',NULL,NULL,NULL),
	(180,'1748414128678851126','1',1,21.00,'success','rec_order','2025-05-28 14:35:30',NULL,NULL,b'0',NULL,NULL,NULL),
	(181,'1748414164106159363','1',1,21.00,'success','rec_order','2025-05-28 14:36:05',NULL,NULL,b'0',NULL,NULL,NULL),
	(182,'1748414166115600629','1',1,21.00,'success','rec_order','2025-05-28 14:36:07',NULL,NULL,b'0',NULL,NULL,NULL),
	(183,'1748414188229276583','1',1,21.00,'success','rec_order','2025-05-28 14:36:29',NULL,NULL,b'0',NULL,NULL,NULL),
	(184,'1748414473001337936','1',1,21.00,'success','rec_order','2025-05-28 14:41:14',NULL,NULL,b'0',NULL,NULL,NULL),
	(185,'1748414551721185578','1',1,21.00,'success','rec_order','2025-05-28 14:42:33',NULL,NULL,b'0',NULL,NULL,NULL),
	(186,'1748414584527584171','1',1,27.00,'success','rec_order','2025-05-28 14:43:06',NULL,NULL,b'0',NULL,NULL,NULL),
	(187,'1748414632435477418','1',1,7.00,'success','rec_order','2025-05-28 14:43:53',NULL,NULL,b'0',NULL,NULL,NULL),
	(188,'1748414666564545922','1',1,35.00,'success','rec_order','2025-05-28 14:44:28',NULL,NULL,b'0',NULL,NULL,NULL),
	(189,'1748414889296698770','1',1,7.00,'success','rec_order','2025-05-28 14:48:10',NULL,NULL,b'0',NULL,NULL,NULL),
	(190,'1748414913449826417','1',1,7.00,'success','rec_order','2025-05-28 14:48:34',NULL,NULL,b'0',NULL,NULL,NULL),
	(191,'1748415194508873498','1',1,7.00,'success','rec_order','2025-05-28 14:53:16',NULL,NULL,b'0',NULL,NULL,NULL),
	(192,'1748415263745825559','1',1,7.00,'success','rec_order','2025-05-28 14:54:25',NULL,NULL,b'0',NULL,NULL,NULL),
	(193,'1748415383848776918','1',1,28.00,'success','rec_order','2025-05-28 14:56:25',NULL,NULL,b'0',NULL,NULL,NULL),
	(194,'1748425193885462083','1',1,38.00,'success','rec_order','2025-05-28 17:39:55',NULL,NULL,b'0',NULL,NULL,NULL),
	(195,'1748828779687158817','1',2,98.00,'success','rec_order','2025-06-02 09:46:21',NULL,NULL,b'0',NULL,NULL,NULL),
	(196,'1748830000536326300','1',3,138.00,'success','rec_order','2025-06-02 10:06:42',NULL,NULL,b'0',NULL,NULL,NULL),
	(197,'1749127747005588892','33',2,4.00,'success','rec_order','2025-06-05 20:49:08',NULL,NULL,b'0',NULL,NULL,NULL),
	(198,'20250604001','01',2,56.00,'success','rec_order','2025-06-04 12:10:00',NULL,NULL,b'0',NULL,NULL,NULL),
	(199,'20250604002','02',3,78.00,'success','rec_order','2025-06-04 13:20:00',NULL,NULL,b'0',NULL,NULL,NULL),
	(200,'20250604003','03',1,32.00,'success','rec_order','2025-06-04 18:30:00',NULL,NULL,b'0',NULL,NULL,NULL),
	(201,'20250605001','01',2,66.00,'success','rec_order','2025-06-05 11:00:00',NULL,NULL,b'0',NULL,NULL,NULL),
	(202,'20250605002','02',4,120.00,'success','rec_order','2025-06-05 12:30:00',NULL,NULL,b'0',NULL,NULL,NULL),
	(203,'20250605003','03',2,45.00,'success','rec_order','2025-06-05 19:00:00',NULL,NULL,b'0',NULL,NULL,NULL),
	(204,'20250606001','01',3,88.00,'success','rec_order','2025-06-06 10:30:00',NULL,NULL,b'0',NULL,NULL,NULL),
	(205,'20250606002','02',2,54.00,'success','rec_order','2025-06-06 13:00:00',NULL,NULL,b'0',NULL,NULL,NULL),
	(206,'20250606003','03',1,36.00,'success','rec_order','2025-06-06 18:00:00',NULL,NULL,b'0',NULL,NULL,NULL),
	(207,'1749247747739726029','1',2,130.00,'success','rec_order','2025-06-07 06:09:09',NULL,NULL,b'0',NULL,NULL,NULL),
	(208,'1749266800656876546','23',2,28.00,'success','rec_order','2025-06-07 11:26:42',NULL,NULL,b'0',NULL,NULL,NULL),
	(209,'1749270683580287199','23',2,7.00,'success','rec_order','2025-06-07 12:31:25',NULL,NULL,b'0',NULL,NULL,NULL),
	(210,'1749294741158904256','1',1,100.00,'success','rec_order','2025-06-07 19:12:21',NULL,NULL,b'0',NULL,NULL,NULL),
	(211,'1749540205041529961','23',1,20.00,'success','rec_order','2025-06-09 15:23:25',NULL,NULL,b'0',NULL,NULL,NULL),
	(212,'1749544943721135081','33',2,100.00,'success','rec_order','2025-06-10 16:42:24',NULL,NULL,b'0',NULL,NULL,NULL),
	(213,'1749546943220447452','23',2,124.00,'success','rec_order','2025-06-10 17:15:43',NULL,NULL,b'0',NULL,NULL,NULL),
	(214,'1749547424769510846','1',1,100.00,'success','rec_order','2025-06-10 17:23:45',NULL,NULL,b'0',NULL,NULL,NULL),
	(215,'1749555544690212297','23',1,134.00,'success','rec_order','2025-06-10 19:39:05',NULL,NULL,b'0',NULL,NULL,NULL),
	(216,'1749557961311056533','2',1,14.00,'success','rec_order','2025-06-10 20:19:21',NULL,NULL,b'0',NULL,NULL,NULL),
	(217,'1749558010216283485','2',1,10.00,'success','rec_order','2025-06-10 20:20:10',NULL,NULL,b'0',NULL,NULL,NULL),
	(218,'1749558135990211161','2',1,2.00,'success','rec_order','2025-06-10 20:22:16',NULL,NULL,b'0',NULL,NULL,NULL),
	(219,'1749558193189296527','2',1,2.00,'success','unrec_order','2025-06-10 20:23:13',NULL,NULL,b'0',NULL,NULL,NULL),
	(220,'1749558737055120643','2',1,2.00,'success','unrec_order','2025-06-10 20:32:17',NULL,NULL,b'0',NULL,NULL,NULL),
	(221,'1749558741356832407','2',1,2.00,'success','unrec_order','2025-06-10 20:32:21',NULL,NULL,b'0',NULL,NULL,NULL),
	(222,'1749558746113232570','2',1,7.00,'success','unrec_order','2025-06-10 20:32:26',NULL,NULL,b'0',NULL,NULL,NULL),
	(223,'1749558748897665533','2',1,7.00,'success','unrec_order','2025-06-10 20:32:29',NULL,NULL,b'0',NULL,NULL,NULL),
	(224,'1749558769612818746','2',1,28.00,'success','unrec_order','2025-06-10 20:32:50',NULL,NULL,b'0',NULL,NULL,NULL),
	(225,'1749558924081914716','2',1,15.00,'success','rec_order','2025-06-10 20:35:24',NULL,NULL,b'0',NULL,NULL,NULL),
	(226,'1749558924373105402','2',1,15.00,'success','rec_order','2025-06-10 20:35:24',NULL,NULL,b'0',NULL,NULL,NULL),
	(227,'1749558924551427306','2',1,15.00,'success','rec_order','2025-06-10 20:35:25',NULL,NULL,b'0',NULL,NULL,NULL),
	(228,'1749558926130953962','2',1,15.00,'success','rec_order','2025-06-10 20:35:26',NULL,NULL,b'0',NULL,NULL,NULL),
	(229,'1749559045643700664','2',1,25.00,'success','rec_order','2025-06-10 20:37:26',NULL,NULL,b'0',NULL,NULL,NULL),
	(230,'1749559240460976895','2',2,17.00,'success','rec_order','2025-06-10 20:40:40',NULL,NULL,b'0',NULL,NULL,NULL),
	(231,'1749559784817870379','2',2,17.00,'success','rec_order','2025-06-10 20:49:45',NULL,NULL,b'0',NULL,NULL,NULL),
	(232,'1749559804582192641','2',2,15.00,'success','rec_order','2025-06-10 20:50:05',NULL,NULL,b'0',NULL,NULL,NULL),
	(233,'1749560152381642199','1',1,15.00,'success','rec_order','2025-06-10 20:55:52',NULL,NULL,b'0',NULL,NULL,NULL),
	(234,'1749560213147399219','1',2,2.00,'success','rec_order','2025-06-10 20:56:53',NULL,NULL,b'0',NULL,NULL,NULL),
	(235,'1749560390771285681','1',2,2.00,'success','rec_order','2025-06-10 20:59:51',NULL,NULL,b'0',NULL,NULL,NULL),
	(236,'1749560676368184209','2',2,15.00,'success','rec_order','2025-06-10 21:04:36',NULL,NULL,b'0',NULL,NULL,NULL),
	(237,'1749560773405217759','2',2,15.00,'unpaid','rec_order','2025-06-10 21:06:13',NULL,NULL,b'0',NULL,NULL,NULL),
	(238,'1749560803332120120','2',2,15.00,'unpaid','rec_order','2025-06-10 21:06:43',NULL,NULL,b'0',NULL,NULL,NULL),
	(239,'1749560803493385299','2',2,15.00,'unpaid','rec_order','2025-06-10 21:06:44',NULL,NULL,b'0',NULL,NULL,NULL),
	(240,'1749560825779057471','2',2,15.00,'success','rec_order','2025-06-10 21:07:06',NULL,NULL,b'0',NULL,NULL,NULL),
	(241,'1749560906019682402','2',2,2.00,'unpaid','rec_order','2025-06-10 21:08:26',NULL,NULL,b'0',NULL,NULL,NULL),
	(242,'1749561382823700330','1',1,7.00,'unpaid','rec_order','2025-06-10 21:16:23',NULL,NULL,b'0',NULL,NULL,NULL),
	(243,'1749561387555881899','1',1,14.00,'success','rec_order','2025-06-10 21:16:28',NULL,NULL,b'0',NULL,NULL,NULL),
	(244,'1749561421109847732','1',1,14.00,'unpaid','rec_order','2025-06-10 21:17:01',NULL,NULL,b'0',NULL,NULL,NULL),
	(245,'1749561421800826642','1',1,14.00,'success','unrec_order','2025-06-10 21:17:02',NULL,NULL,b'0',NULL,NULL,NULL),
	(246,'1749561525058436325','1',1,14.00,'success','unrec_order','2025-06-10 21:18:45',NULL,NULL,b'0',NULL,NULL,NULL),
	(247,'1749561527027848158','1',1,14.00,'success','unrec_order','2025-06-10 21:18:47',NULL,NULL,b'0',NULL,NULL,NULL),
	(248,'1749561556498065631','2',1,2.00,'unpaid','rec_order','2025-06-10 21:19:17',NULL,NULL,b'0',NULL,NULL,NULL),
	(249,'1749561701608233006','2',1,2.00,'unpaid','rec_order','2025-06-10 21:21:42',NULL,NULL,b'0',NULL,NULL,NULL),
	(250,'1749561723725173007','2',1,2.00,'success','rec_order','2025-06-10 21:22:04',NULL,NULL,b'0',NULL,NULL,NULL),
	(251,'1749561729075535420','2',1,2.00,'success','unrec_order','2025-06-10 21:22:09',NULL,NULL,b'0',NULL,NULL,NULL),
	(252,'1749561739064944929','2',1,2.00,'success','unrec_order','2025-06-10 21:22:19',NULL,NULL,b'0',NULL,NULL,NULL),
	(253,'1749561740157849962','2',1,2.00,'success','unrec_order','2025-06-10 21:22:20',NULL,NULL,b'0',NULL,NULL,NULL),
	(254,'1749561753251561000','2',1,2.00,'success','unrec_order','2025-06-10 21:22:33',NULL,NULL,b'0',NULL,NULL,NULL),
	(255,'1749561946005631056','2',1,2.00,'success','unrec_order','2025-06-10 21:25:46',NULL,NULL,b'0',NULL,NULL,NULL),
	(256,'1749562035225589256','2',1,2.00,'success','rec_order','2025-06-10 21:27:15',NULL,NULL,b'0',NULL,NULL,NULL),
	(257,'1749562361950119917','2',1,2.00,'success','unrec_order','2025-06-10 21:32:42',NULL,NULL,b'0',NULL,NULL,NULL),
	(258,'1749562392505660018','2',1,2.00,'success','rec_order','2025-06-10 21:33:13',NULL,NULL,b'0',NULL,NULL,NULL),
	(259,'1749562392596581212','2',1,2.00,'success','unrec_order','2025-06-10 21:33:13',NULL,NULL,b'0',NULL,NULL,NULL),
	(260,'1749562407883127713','2',1,12.00,'success','unrec_order','2025-06-10 21:33:28',NULL,NULL,b'0',NULL,NULL,NULL),
	(261,'1749562439812403286','2',1,12.00,'success','rec_order','2025-06-10 21:34:00',NULL,NULL,b'0',NULL,NULL,NULL),
	(262,'1749562642753584089','2',1,12.00,'success','rec_order','2025-06-10 21:37:23',NULL,NULL,b'0',NULL,NULL,NULL),
	(263,'1749563254012961395','2',1,10.00,'success','rec_order','2025-06-10 21:47:34',NULL,NULL,b'0',NULL,NULL,NULL),
	(264,'1749563258359265247','2',1,10.00,'success','rec_order','2025-06-10 21:47:38',NULL,NULL,b'0',NULL,NULL,NULL),
	(265,'1749563757253865305','2',1,10.00,'success','rec_order','2025-06-10 21:55:57',NULL,NULL,b'0',NULL,NULL,NULL),
	(266,'1749563943821715143','22',1,8.00,'success','rec_order','2025-06-10 21:59:04',NULL,NULL,b'0',NULL,NULL,NULL),
	(267,'1749563969446573977','2',1,24.00,'success','rec_order','2025-06-10 21:59:29',NULL,NULL,b'0',NULL,NULL,NULL),
	(268,'1749563995130545020','2',2,24.00,'success','rec_order','2025-06-10 21:59:55',NULL,NULL,b'0',NULL,NULL,NULL),
	(269,'1749564519714068755','2',1,10.00,'success','rec_order','2025-06-10 22:08:40',NULL,NULL,b'0',NULL,NULL,NULL),
	(270,'1749564520187829756','2',1,10.00,'success','rec_order','2025-06-10 22:08:40',NULL,NULL,b'0',NULL,NULL,NULL),
	(271,'1749564832014943668','33',2,23.00,'success','rec_order','2025-06-10 22:13:52',NULL,NULL,b'0',NULL,NULL,NULL),
	(272,'1749564912774166209','33',1,24.00,'success','rec_order','2025-06-10 22:15:13',NULL,NULL,b'0',NULL,NULL,NULL),
	(273,'1749564913276903882','33',1,24.00,'success','rec_order','2025-06-10 22:15:13',NULL,NULL,b'0',NULL,NULL,NULL),
	(274,'1749565128470563631','12',2,8.00,'success','rec_order','2025-06-10 22:18:48',NULL,NULL,b'0',NULL,NULL,NULL),
	(275,'1749565712967192345','33',1,8.00,'success','rec_order','2025-06-10 22:28:33',NULL,NULL,b'0',NULL,NULL,NULL),
	(276,'1749565886649946094','33',1,10.00,'success','rec_order','2025-06-10 22:31:27',NULL,NULL,b'0',NULL,NULL,NULL),
	(277,'1749566432398467485','33',1,7.00,'success','rec_order','2025-06-10 22:40:32',NULL,NULL,b'0',NULL,NULL,NULL),
	(278,'1749566624186933050','33',1,7.00,'success','rec_order','2025-06-10 22:43:44',NULL,NULL,b'0',NULL,NULL,NULL),
	(279,'1749566680386670209','33',1,16.00,'success','rec_order','2025-06-10 22:44:40',NULL,NULL,b'0',NULL,NULL,NULL),
	(280,'1749568851681154861','33',1,2.00,'success','rec_order','2025-06-10 23:20:52',NULL,NULL,b'0',NULL,NULL,NULL),
	(281,'1749569126616345506','33',1,20.00,'success','rec_order','2025-06-10 23:25:27',NULL,NULL,b'0',NULL,NULL,NULL),
	(282,'1749569271910099457','33',1,7.00,'success','rec_order','2025-06-10 23:27:52',NULL,NULL,b'0',NULL,NULL,NULL),
	(283,'1749569336910214525','12',2,7.00,'success','rec_order','2025-06-10 23:28:57',NULL,NULL,b'0',NULL,NULL,NULL),
	(284,'1749569840524718124','12',2,7.00,'success','unrec_order','2025-06-10 23:37:21',NULL,NULL,b'0',NULL,NULL,NULL),
	(285,'1749570166097550438','11',2,14.00,'success','rec_order','2025-06-10 23:42:46',NULL,NULL,b'0',NULL,NULL,NULL),
	(286,'1749570191127910746','11',1,16.00,'success','unrec_order','2025-06-10 23:43:11',NULL,NULL,b'0',NULL,NULL,NULL),
	(287,'1749570788821552473','13',4,7.00,'success','rec_order','2025-06-10 23:53:09',NULL,NULL,b'0',NULL,NULL,NULL),
	(288,'1749571415786387012','13',2,8.00,'success','rec_order','2025-06-11 00:03:36',NULL,NULL,b'0',NULL,NULL,NULL),
	(289,'1749571532229266276','13',2,8.00,'success','rec_order','2025-06-11 00:05:32',NULL,NULL,b'0',NULL,NULL,NULL),
	(290,'1749572085993929654','23',2,134.00,'success','rec_order','2025-06-11 00:14:46',NULL,NULL,b'0',NULL,NULL,NULL),
	(291,'1749572213973125087','23',2,164.00,'success','rec_order','2025-06-11 00:16:54',NULL,NULL,b'0',NULL,NULL,NULL),
	(292,'1749573903409057553','11',2,8.00,'success','rec_order','2025-06-11 00:45:03',NULL,NULL,b'0',NULL,NULL,NULL),
	(293,'1749575757336613812','11',1,8.00,'success','rec_order','2025-06-11 01:15:57',NULL,NULL,b'0',NULL,NULL,NULL),
	(294,'1749576135664788950','11',2,15.00,'success','rec_order','2025-06-11 01:22:16',NULL,NULL,b'0',NULL,NULL,NULL),
	(295,'1749576461993867559','11',2,15.00,'success','rec_order','2025-06-11 01:27:42',NULL,NULL,b'0',NULL,NULL,NULL),
	(296,'1749576879480341716','11',2,25.00,'success','rec_order','2025-06-11 01:34:39',NULL,NULL,b'0',NULL,NULL,NULL),
	(297,'1749577075265768330','11',2,25.00,'success','rec_order','2025-06-11 01:37:55',NULL,NULL,b'0',NULL,NULL,NULL),
	(298,'1749577105199035523','11',2,32.00,'success','rec_order','2025-06-11 01:38:25',NULL,NULL,b'0',NULL,NULL,NULL),
	(299,'1749577304353253816','11',2,42.00,'success','rec_order','2025-06-11 01:41:44',NULL,NULL,b'0',NULL,NULL,NULL),
	(300,'1749577448123771966','11',2,42.00,'success','rec_order','2025-06-11 01:44:08',NULL,NULL,b'0',NULL,NULL,NULL),
	(301,'1749577551332740081','11',2,42.00,'success','rec_order','2025-06-11 01:45:51',NULL,NULL,b'0',NULL,NULL,NULL),
	(302,'1749577574351097566','11',1,7.00,'success','rec_order','2025-06-11 01:46:14',NULL,NULL,b'0',NULL,NULL,NULL),
	(303,'1749577593517462120','11',1,21.00,'success','rec_order','2025-06-11 01:46:34',NULL,NULL,b'0',NULL,NULL,NULL),
	(304,'1749578236228412915','11',1,14.00,'success','rec_order','2025-06-11 01:57:16',NULL,NULL,b'0',NULL,NULL,NULL),
	(305,'1749578253843450512','11',2,14.00,'success','rec_order','2025-06-11 01:57:34',NULL,NULL,b'0',NULL,NULL,NULL),
	(306,'1749578638305628700','11',2,14.00,'success','rec_order','2025-06-11 02:03:58',NULL,NULL,b'0',NULL,NULL,NULL),
	(307,'1749578652318019077','11',2,14.00,'success','rec_order','2025-06-11 02:04:12',NULL,NULL,b'0',NULL,NULL,NULL),
	(308,'1749578712486707700','11',2,14.00,'success','rec_order','2025-06-11 02:05:13',NULL,NULL,b'0',NULL,NULL,NULL),
	(309,'1749578936571861034','11',2,14.00,'success','rec_order','2025-06-11 02:08:57',NULL,NULL,b'0',NULL,NULL,NULL),
	(310,'1749579107798905132','11',2,14.00,'success','rec_order','2025-06-11 02:11:48',NULL,NULL,b'0',NULL,NULL,NULL),
	(311,'1749579123667651769','11',2,14.00,'success','rec_order','2025-06-11 02:12:04',NULL,NULL,b'0',NULL,NULL,NULL),
	(312,'1749580137108802591','22',NULL,18.00,'success','rec_order','2025-06-11 02:28:57',NULL,NULL,b'0',NULL,NULL,NULL),
	(313,'1749580985242924310','22',NULL,2.00,'success','rec_order','2025-06-11 02:43:05',NULL,NULL,b'0',NULL,NULL,NULL),
	(314,'1749581048048587502','22',4,28.00,'success','rec_order','2025-06-11 02:44:08',NULL,NULL,b'0',NULL,NULL,NULL),
	(315,'1749581624925201984','11',2,2.00,'success','rec_order','2025-06-11 02:53:45',NULL,NULL,b'0',NULL,NULL,NULL),
	(316,'1749582399751026881','11',2,15.00,'success','rec_order','2025-06-11 03:06:40',NULL,NULL,b'0',NULL,NULL,NULL),
	(317,'1749582585905330733','22',2,28.00,'success','rec_order','2025-06-11 03:09:46',NULL,NULL,b'0',NULL,NULL,NULL),
	(318,'1749732759051541170','23',2,178.00,'success','rec_order','2025-06-12 20:52:39',NULL,NULL,b'0',NULL,NULL,NULL),
	(319,'1749742496162473823','22',2,35.00,'unpaid','unrec_order','2025-06-12 23:34:56',NULL,NULL,b'0',NULL,NULL,NULL),
	(320,'1749742969701830381','22',2,35.00,'unpaid','unrec_order','2025-06-12 23:42:50',NULL,NULL,b'0',NULL,NULL,NULL),
	(321,'1749743725712163690','22',1,35.00,'unpaid','rec_order','2025-06-12 23:55:26',NULL,NULL,b'0',NULL,NULL,NULL),
	(322,'1749743998955274376','22',1,28.00,'unpaid','unrec_order','2025-06-12 23:59:59',NULL,NULL,b'0',NULL,NULL,NULL),
	(323,'1749744064747438374','22',2,28.00,'unpaid','unrec_order','2025-06-13 00:01:05',NULL,NULL,b'0',NULL,NULL,NULL),
	(324,'1749744077030627635','22',NULL,28.00,'success','rec_order','2025-06-13 00:01:17',NULL,NULL,b'0',NULL,NULL,NULL),
	(325,'1749744415543666758','22',2,40.00,'unpaid','unrec_order','2025-06-13 00:06:56',NULL,NULL,b'0',NULL,NULL,NULL),
	(326,'1749744425050447444','22',NULL,40.00,'success','rec_order','2025-06-13 00:07:05',NULL,NULL,b'0',NULL,NULL,NULL),
	(327,'1749744488585024299','22',2,52.00,'unpaid','unrec_order','2025-06-13 00:08:09',NULL,NULL,b'0',NULL,NULL,NULL),
	(328,'1749744491065325555','22',NULL,52.00,'success','rec_order','2025-06-13 00:08:11',NULL,NULL,b'0',NULL,NULL,NULL),
	(329,'1749744525145087238','22',2,66.00,'unpaid','unrec_order','2025-06-13 00:08:45',NULL,NULL,b'0',NULL,NULL,NULL),
	(330,'1749744530149485269','22',NULL,66.00,'success','rec_order','2025-06-13 00:08:50',NULL,NULL,b'0',NULL,NULL,NULL),
	(331,'1749744789068209488','22',2,28.00,'unpaid','unrec_order','2025-06-13 00:13:09',NULL,NULL,b'0',NULL,NULL,NULL),
	(332,'1749744791680389599','22',NULL,28.00,'success','rec_order','2025-06-13 00:13:12',NULL,NULL,b'0',NULL,NULL,NULL),
	(333,'1749744896909949636','22',2,14.00,'unpaid','unrec_order','2025-06-13 00:14:57',NULL,NULL,b'0',NULL,NULL,NULL),
	(334,'1749744993971233923','22',NULL,14.00,'success','rec_order','2025-06-13 00:16:34',NULL,NULL,b'0',NULL,NULL,NULL),
	(335,'1749745112321819927','22',2,20.00,'unpaid','unrec_order','2025-06-13 00:18:32',NULL,NULL,b'0',NULL,NULL,NULL),
	(336,'1749745114464681040','22',NULL,20.00,'success','rec_order','2025-06-13 00:18:34',NULL,NULL,b'0',NULL,NULL,NULL),
	(337,'1749745162124830418','22',2,20.00,'unpaid','unrec_order','2025-06-13 00:19:22',NULL,NULL,b'0',NULL,NULL,NULL),
	(338,'1749745174581607259','22',NULL,20.00,'success','rec_order','2025-06-13 00:19:35',NULL,NULL,b'0',NULL,NULL,NULL),
	(339,'1749745451105579235','22',4,14.00,'unpaid','unrec_order','2025-06-13 00:24:11',NULL,NULL,b'0',NULL,NULL,NULL),
	(340,'1749745453250412074','22',NULL,14.00,'success','rec_order','2025-06-13 00:24:13',NULL,NULL,b'0',NULL,NULL,NULL),
	(341,'1749745825032907891','22',2,17.00,'unpaid','unrec_order','2025-06-13 00:30:25',NULL,NULL,b'0',NULL,NULL,NULL),
	(342,'1749745916305924146','22',NULL,17.00,'success','rec_order','2025-06-13 00:31:56',NULL,NULL,b'0',NULL,NULL,NULL),
	(343,'1749745933565492797','22',2,21.00,'unpaid','unrec_order','2025-06-13 00:32:14',NULL,NULL,b'0',NULL,NULL,NULL),
	(344,'1749745944283928274','22',NULL,21.00,'success','rec_order','2025-06-13 00:32:24',NULL,NULL,b'0',NULL,NULL,NULL),
	(345,'1749746079395445205','22',2,21.00,'unpaid','unrec_order','2025-06-13 00:34:39',NULL,NULL,b'0',NULL,NULL,NULL),
	(346,'1749746087059812652','22',NULL,21.00,'success','rec_order','2025-06-13 00:34:47',NULL,NULL,b'0',NULL,NULL,NULL),
	(347,'1749746112899137226','22',2,38.00,'unpaid','unrec_order','2025-06-13 00:35:13',NULL,NULL,b'0',NULL,NULL,NULL),
	(348,'1749746118870725974','22',NULL,38.00,'success','rec_order','2025-06-13 00:35:19',NULL,NULL,b'0',NULL,NULL,NULL),
	(349,'1749746202020212726','22',2,21.00,'unpaid','unrec_order','2025-06-13 00:36:42',NULL,NULL,b'0',NULL,NULL,NULL),
	(350,'1749746211833701802','22',NULL,21.00,'success','rec_order','2025-06-13 00:36:52',NULL,NULL,b'0',NULL,NULL,NULL),
	(351,'1749746246819525019','22',2,14.00,'unpaid','unrec_order','2025-06-13 00:37:27',NULL,NULL,b'0',NULL,NULL,NULL),
	(352,'1749746251707168983','22',NULL,14.00,'success','rec_order','2025-06-13 00:37:32',NULL,NULL,b'0',NULL,NULL,NULL),
	(353,'1749746412568411392','22',4,28.00,'unpaid','unrec_order','2025-06-13 00:40:13',NULL,NULL,b'0',NULL,NULL,NULL),
	(354,'1749746420831144413','22',NULL,28.00,'success','rec_order','2025-06-13 00:40:21',NULL,NULL,b'0',NULL,NULL,NULL),
	(355,'1749746630767418339','22',4,21.00,'unpaid','unrec_order','2025-06-13 00:43:51',NULL,NULL,b'0',NULL,NULL,NULL),
	(356,'1749746636124216667','22',NULL,21.00,'success','rec_order','2025-06-13 00:43:56',NULL,NULL,b'0',NULL,NULL,NULL),
	(357,'1749746679125455693','22',4,15.00,'unpaid','unrec_order','2025-06-13 00:44:39',NULL,NULL,b'0',NULL,NULL,NULL),
	(358,'1749746685619731552','22',NULL,15.00,'success','rec_order','2025-06-13 00:44:46',NULL,NULL,b'0',NULL,NULL,NULL),
	(359,'1749746760022464602','22',4,14.00,'unpaid','unrec_order','2025-06-13 00:46:00',NULL,NULL,b'0',NULL,NULL,NULL),
	(360,'1749746772355114436','22',NULL,14.00,'success','rec_order','2025-06-13 00:46:12',NULL,NULL,b'0',NULL,NULL,NULL),
	(361,'1749746867288282610','22',4,21.00,'unpaid','unrec_order','2025-06-13 00:47:47',NULL,NULL,b'0',NULL,NULL,NULL),
	(362,'1749746876705569506','22',NULL,21.00,'success','rec_order','2025-06-13 00:47:57',NULL,NULL,b'0',NULL,NULL,NULL),
	(363,'1749746929607383239','22',2,14.00,'unpaid','unrec_order','2025-06-13 00:48:50',NULL,NULL,b'0',NULL,NULL,NULL),
	(364,'1749746934809461179','22',NULL,14.00,'success','rec_order','2025-06-13 00:48:55',NULL,NULL,b'0',NULL,NULL,NULL),
	(365,'1749747066541485071','22',2,15.00,'unpaid','unrec_order','2025-06-13 00:51:07',NULL,NULL,b'0',NULL,NULL,NULL),
	(366,'1749747075310945585','22',NULL,15.00,'success','rec_order','2025-06-13 00:51:15',NULL,NULL,b'0',NULL,NULL,NULL),
	(367,'1749747226698125172','22',2,20.00,'unpaid','unrec_order','2025-06-13 00:53:47',NULL,NULL,b'0',NULL,NULL,NULL),
	(368,'1749747229201784930','22',NULL,20.00,'success','unrec_order','2025-06-13 00:53:49',NULL,NULL,b'0',NULL,NULL,NULL),
	(369,'1749747298150063395','22',1,14.00,'unpaid','unrec_order','2025-06-13 00:54:58',NULL,NULL,b'0',NULL,NULL,NULL),
	(370,'1749747300417369171','22',NULL,14.00,'success','unrec_order','2025-06-13 00:55:00',NULL,NULL,b'0',NULL,NULL,NULL),
	(371,'1749748224590744535','22',2,20.00,'unpaid','unrec_order','2025-06-13 01:10:25',NULL,NULL,b'0',NULL,NULL,NULL),
	(372,'1749748226062955827','22',NULL,20.00,'success','rec_order','2025-06-13 01:10:26',NULL,NULL,b'0',NULL,NULL,NULL),
	(373,'1749748239347630530','22',2,20.00,'unpaid','unrec_order','2025-06-13 01:10:39',NULL,NULL,b'0',NULL,NULL,NULL),
	(374,'1749748241070241614','22',NULL,20.00,'success','rec_order','2025-06-13 01:10:41',NULL,NULL,b'0',NULL,NULL,NULL),
	(375,'1749748269679063180','22',4,20.00,'unpaid','unrec_order','2025-06-13 01:11:10',NULL,NULL,b'0',NULL,NULL,NULL),
	(376,'1749748272505911495','22',NULL,20.00,'success','rec_order','2025-06-13 01:11:13',NULL,NULL,b'0',NULL,NULL,NULL),
	(377,'1749748301870109208','22',4,20.00,'unpaid','unrec_order','2025-06-13 01:11:42',NULL,NULL,b'0',NULL,NULL,NULL),
	(378,'1749748303770746965','22',NULL,20.00,'success','rec_order','2025-06-13 01:11:44',NULL,NULL,b'0',NULL,NULL,NULL),
	(379,'1749748464445811022','555',2,14.00,'unpaid','unrec_order','2025-06-13 01:14:24',NULL,NULL,b'0',NULL,NULL,NULL),
	(380,'1749748467030235215','555',NULL,14.00,'success','rec_order','2025-06-13 01:14:27',NULL,NULL,b'0',NULL,NULL,NULL),
	(381,'1749748509908792199','555',4,10.00,'unpaid','unrec_order','2025-06-13 01:15:10',NULL,NULL,b'0',NULL,NULL,NULL),
	(382,'1749748512146316837','555',NULL,10.00,'success','rec_order','2025-06-13 01:15:12',NULL,NULL,b'0',NULL,NULL,NULL),
	(383,'1749749039798281054','555',4,30.00,'unpaid','unrec_order','2025-06-13 01:24:00',NULL,NULL,b'0',NULL,NULL,NULL),
	(384,'1749749043667647943','555',NULL,30.00,'success','rec_order','2025-06-13 01:24:04',NULL,NULL,b'0',NULL,NULL,NULL),
	(385,'1749749492459889114','555',4,30.00,'unpaid','unrec_order','2025-06-13 01:31:32',NULL,NULL,b'0',NULL,NULL,NULL),
	(386,'1749749501589445257','555',NULL,30.00,'success','rec_order','2025-06-13 01:31:42',NULL,NULL,b'0',NULL,NULL,NULL),
	(387,'1749749635696557252','555',4,20.00,'unpaid','unrec_order','2025-06-13 01:33:56',NULL,NULL,b'0',NULL,NULL,NULL),
	(388,'1749749638877972116','555',NULL,20.00,'success','rec_order','2025-06-13 01:33:59',NULL,NULL,b'0',NULL,NULL,NULL),
	(389,'1749749802460408070','555',4,10.00,'unpaid','unrec_order','2025-06-13 01:36:42',NULL,NULL,b'0',NULL,NULL,NULL),
	(390,'1749749823435554476','555',2,10.00,'unpaid','unrec_order','2025-06-13 01:37:03',NULL,NULL,b'0',NULL,NULL,NULL),
	(391,'1749749826474301112','555',NULL,10.00,'success','rec_order','2025-06-13 01:37:06',NULL,NULL,b'0',NULL,NULL,NULL),
	(392,'1749753550685710996','22',3,14.00,'unpaid','unrec_order','2025-06-13 02:39:11',NULL,NULL,b'0',NULL,NULL,NULL),
	(393,'1749753583321392061','22',NULL,14.00,'success','rec_order','2025-06-13 02:39:43',NULL,NULL,b'0',NULL,NULL,NULL),
	(394,'1749753644440910722','555',3,14.00,'unpaid','unrec_order','2025-06-13 02:40:44',NULL,NULL,b'0',NULL,NULL,NULL),
	(395,'1749753650269440272','555',NULL,14.00,'success','rec_order','2025-06-13 02:40:50',NULL,NULL,b'0',NULL,NULL,NULL),
	(396,'1749753807474081591','555',3,7.00,'unpaid','unrec_order','2025-06-13 02:43:27',NULL,NULL,b'0',NULL,NULL,NULL),
	(397,'1749753858519527475','555',NULL,7.00,'success','rec_order','2025-06-13 02:44:19',NULL,NULL,b'0',NULL,NULL,NULL),
	(398,'1749753929664028963','555',3,2.00,'unpaid','unrec_order','2025-06-13 02:45:30',NULL,NULL,b'0',NULL,NULL,NULL),
	(399,'1749753930967321897','555',NULL,2.00,'success','rec_order','2025-06-13 02:45:31',NULL,NULL,b'0',NULL,NULL,NULL),
	(400,'1749753986012735540','555',3,15.00,'unpaid','unrec_order','2025-06-13 02:46:26',NULL,NULL,b'0',NULL,NULL,NULL),
	(401,'1749753987335110991','555',NULL,15.00,'success','rec_order','2025-06-13 02:46:27',NULL,NULL,b'0',NULL,NULL,NULL),
	(402,'1749773283392907730','555',3,40.00,'unpaid','unrec_order','2025-06-13 08:08:03',NULL,NULL,b'0',NULL,NULL,NULL),
	(403,'1749773292622696407','555',NULL,40.00,'success','rec_order','2025-06-13 08:08:13',NULL,NULL,b'0',NULL,NULL,NULL),
	(404,'1749773339975421508','555',3,7.00,'unpaid','unrec_order','2025-06-13 08:09:00',NULL,NULL,b'0',NULL,NULL,NULL),
	(405,'1749773346714746904','555',NULL,7.00,'success','rec_order','2025-06-13 08:09:07',NULL,NULL,b'0',NULL,NULL,NULL),
	(406,'1749773353641869322','555',3,1.00,'unpaid','unrec_order','2025-06-13 08:09:14',NULL,NULL,b'0',NULL,NULL,NULL),
	(407,'1749773361904322421','555',NULL,1.00,'success','rec_order','2025-06-13 08:09:22',NULL,NULL,b'0',NULL,NULL,NULL),
	(408,'1749773405419908902','555',3,1.00,'unpaid','unrec_order','2025-06-13 08:10:05',NULL,NULL,b'0',NULL,NULL,NULL),
	(409,'1749773646913842642','555',NULL,1.00,'success','unrec_order','2025-06-13 08:14:07',NULL,NULL,b'0',NULL,NULL,NULL),
	(410,'1749773668926845235','555',3,7.00,'unpaid','unrec_order','2025-06-13 08:14:29',NULL,NULL,b'0',NULL,NULL,NULL),
	(411,'1749773676331841795','555',NULL,7.00,'success','rec_order','2025-06-13 08:14:36',NULL,NULL,b'0',NULL,NULL,NULL),
	(412,'1749773820631568097','22',2,3.00,'unpaid','unrec_order','2025-06-13 08:17:01',NULL,NULL,b'0',NULL,NULL,NULL),
	(413,'1749773834029213638','22',NULL,3.00,'success','rec_order','2025-06-13 08:17:14',NULL,NULL,b'0',NULL,NULL,NULL),
	(414,'1749774056488041720','22',2,14.00,'unpaid','unrec_order','2025-06-13 08:20:57',NULL,NULL,b'0',NULL,NULL,NULL),
	(415,'1749774103307924688','22',NULL,14.00,'success','rec_order','2025-06-13 08:21:43',NULL,NULL,b'0',NULL,NULL,NULL),
	(416,'1749774767267','555',2,2.00,'success','rec_order','2025-06-13 08:32:47',NULL,NULL,b'0',NULL,NULL,NULL),
	(417,'1749775910108','22',2,2.00,'success','unrec_order','2025-06-13 08:51:50',NULL,NULL,b'0',NULL,NULL,NULL),
	(418,'1749776576843846900','555',NULL,5.00,'success','rec_order','2025-06-13 09:02:57',NULL,NULL,b'0',NULL,NULL,NULL),
	(419,'1749776628898315914','22',NULL,16.00,'success','rec_order','2025-06-13 09:03:49',NULL,NULL,b'0',NULL,NULL,NULL),
	(420,'1749776644311480343','22',NULL,14.00,'success','rec_order','2025-06-13 09:04:04',NULL,NULL,b'0',NULL,NULL,NULL),
	(421,'1749776685968940253','555',NULL,14.00,'success','rec_order','2025-06-13 09:04:46',NULL,NULL,b'0',NULL,NULL,NULL),
	(422,'1749777205201422884','555',NULL,2.00,'success','rec_order','2025-06-13 09:13:25',NULL,NULL,b'0',NULL,NULL,NULL),
	(423,'1749777393653826711','22',NULL,14.00,'success','rec_order','2025-06-13 09:16:34',NULL,NULL,b'0',NULL,NULL,NULL),
	(424,'1749777624210844088','22',NULL,2.00,'success','rec_order','2025-06-13 09:20:24',NULL,NULL,b'0',NULL,NULL,NULL),
	(425,'1749777685372657695','22',NULL,2.00,'success','rec_order','2025-06-13 09:21:25',NULL,NULL,b'0',NULL,NULL,NULL),
	(426,'1749777720845756726','22',NULL,14.00,'unsettled','mis_orders','2025-06-13 09:22:01',NULL,NULL,b'0',NULL,NULL,NULL),
	(427,'1749777728146171802','22',NULL,14.00,'success','mis_orders','2025-06-13 09:22:08',NULL,NULL,b'0',NULL,NULL,NULL),
	(428,'1749777926703400080','22',NULL,8.00,'unpaid','mis_orders','2025-06-13 09:25:27',NULL,NULL,b'0',NULL,NULL,NULL),
	(429,'1749777988196326951','22',NULL,8.00,'success','rec_order','2025-06-13 09:26:28',NULL,NULL,b'0',NULL,NULL,NULL),
	(430,'1749778075121552137','22',NULL,14.00,'success','rec_order','2025-06-13 09:27:55',NULL,NULL,b'0',NULL,NULL,NULL),
	(431,'1749778609281739014','22',NULL,14.00,'success','rec_order','2025-06-13 09:36:49',NULL,NULL,b'0',NULL,NULL,NULL),
	(432,'1749779048437899136','22',NULL,2.00,'success','rec_order','2025-06-13 09:44:08',NULL,NULL,b'0',NULL,NULL,NULL),
	(433,'1749779203075994050','555',NULL,14.00,'success','rec_order','2025-06-13 09:46:43',NULL,NULL,b'0',NULL,NULL,NULL),
	(434,'1749779417353546065','555',NULL,14.00,'success','rec_order','2025-06-13 09:50:17',NULL,NULL,b'0',NULL,NULL,NULL),
	(435,'1749779490487156176','555',NULL,7.00,'success','mis_orders','2025-06-13 09:51:30',NULL,NULL,b'0',NULL,NULL,NULL),
	(436,'1749779769969729038','555',NULL,1.00,'success','mis_orders','2025-06-13 09:56:10',NULL,NULL,b'0',NULL,NULL,NULL),
	(437,'1749779988489912455','555',NULL,7.00,'success','mis_orders','2025-06-13 09:59:48',NULL,NULL,b'0',NULL,NULL,NULL),
	(438,'1749780492917861526','555',NULL,2.00,'success','mis_orders','2025-06-13 10:08:13',NULL,NULL,b'0',NULL,NULL,NULL),
	(439,'1749780525440585547','555',NULL,8.00,'success','mis_orders','2025-06-13 10:08:45',NULL,NULL,b'0',NULL,NULL,NULL),
	(440,'1749780541307666474','555',NULL,7.00,'success','mis_orders','2025-06-13 10:09:01',NULL,NULL,b'0',NULL,NULL,NULL),
	(441,'1749780668105163603','555',NULL,2.00,'success','mis_orders','2025-06-13 10:11:08',NULL,NULL,b'0',NULL,NULL,NULL),
	(442,'1749780783687473681','555',NULL,1.00,'success','mis_orders','2025-06-13 10:13:04',NULL,NULL,b'0',NULL,NULL,NULL),
	(443,'1749780824104403431','555',NULL,2.00,'success','mis_orders','2025-06-13 10:13:44',NULL,NULL,b'0',NULL,NULL,NULL),
	(444,'1749780994838764337','555',NULL,1.00,'success','mis_orders','2025-06-13 10:16:35',NULL,NULL,b'0',NULL,NULL,NULL),
	(445,'1749781062154915053','22',NULL,4.00,'success','mis_orders','2025-06-13 10:17:42',NULL,NULL,b'0',NULL,NULL,NULL),
	(446,'1749781091741305151','22',NULL,14.00,'success','mis_orders','2025-06-13 10:18:12',NULL,NULL,b'0',NULL,NULL,NULL),
	(447,'1749781182489794854','22',NULL,14.00,'success','mis_orders','2025-06-13 10:19:42',NULL,NULL,b'0',NULL,NULL,NULL),
	(448,'1749781407189927605','22',NULL,4.00,'success','mis_orders','2025-06-13 10:23:27',NULL,NULL,b'0',NULL,NULL,NULL),
	(449,'1749781468588720916','22',NULL,14.00,'success','rec_order','2025-06-13 10:24:29',NULL,NULL,b'0',NULL,NULL,NULL),
	(450,'1749781617426626826','555',NULL,4.00,'success','rec_order','2025-06-13 10:26:57',NULL,NULL,b'0',NULL,NULL,NULL),
	(451,'1749781858022560947','555',NULL,1.00,'success','rec_order','2025-06-13 10:30:58',NULL,NULL,b'0',NULL,NULL,NULL),
	(452,'1749781970000420264','555',2,3.00,'success','rec_order','2025-06-13 10:32:50',NULL,NULL,b'0',NULL,NULL,NULL),
	(453,'1749782096735387564','555',2,25.00,'success','rec_order','2025-06-13 10:34:57',NULL,NULL,b'0',NULL,NULL,NULL),
	(454,'1749782187927308381','67',2,25.00,'success','rec_order','2025-06-13 10:36:28',NULL,NULL,b'0',NULL,NULL,NULL),
	(455,'1749782861331666554','67',2,8.00,'success','rec_order','2025-06-13 10:47:41',NULL,NULL,b'0',NULL,NULL,NULL),
	(456,'1750148628422988295','67',2,14.00,'success','rec_order','2025-06-17 16:23:48',NULL,NULL,b'0',NULL,NULL,NULL),
	(457,'1750150255437620769','12',3,7.00,'success','mis_orders','2025-06-17 16:50:55',NULL,NULL,b'0',NULL,NULL,NULL),
	(458,'1750150268515466547','12',3,7.00,'success','mis_orders','2025-06-17 16:51:09',NULL,NULL,b'0',NULL,NULL,NULL),
	(459,'1750150284434387182','12',3,8.00,'success','rec_order','2025-06-17 16:51:24',NULL,NULL,b'0',NULL,NULL,NULL),
	(460,'1750386005572383280','12',3,2.00,'success','rec_order','2025-06-20 10:20:06',NULL,NULL,b'0',NULL,NULL,NULL),
	(461,'1750386147191298996','12',3,1.00,'success','rec_order','2025-06-20 10:22:27',NULL,NULL,b'0',NULL,NULL,NULL),
	(462,'1750909477433496518','33',2,7.00,'success','rec_order','2025-06-26 11:44:37',NULL,NULL,b'0',NULL,NULL,NULL),
	(463,'1751370905771469262','22',2,21.00,'success','rec_order','2025-07-01 19:55:06',NULL,NULL,b'0',NULL,NULL,NULL),
	(464,'1751609962195561099','67',4,47.00,'success','rec_order','2025-07-04 14:19:22',NULL,NULL,b'0',NULL,NULL,NULL),
	(465,'1751610000532741609','67',4,30.00,'success','rec_order','2025-07-04 14:20:01',NULL,NULL,b'0',NULL,NULL,NULL),
	(466,'1751610038749538584','66',2,42.00,'success','rec_order','2025-07-04 14:20:39',NULL,NULL,b'0',NULL,NULL,NULL),
	(467,'1751610062380934296','66',2,1.00,'success','rec_order','2025-07-04 14:21:02',NULL,NULL,b'0',NULL,NULL,NULL),
	(468,'1752410259746928905','67',2,40.00,'success','rec_order','2025-07-13 20:37:40',NULL,NULL,b'0',NULL,NULL,NULL),
	(469,'1753271205655536548','11',4,15.00,'success','rec_order','2025-07-23 19:46:46',NULL,NULL,b'0',NULL,NULL,NULL),
	(470,'1753271240242174503','11',3,37.00,'success','rec_order','2025-07-23 19:47:20',NULL,NULL,b'0',NULL,NULL,NULL),
	(471,'1753271311867166236','11',2,7.00,'success','rec_order','2025-07-23 19:48:32',NULL,NULL,b'0',NULL,NULL,NULL),
	(472,'1754049389267800240','22',2,14.00,'success','rec_order','2025-08-01 19:56:29',NULL,NULL,b'0',NULL,NULL,NULL),
	(473,'1754049493928570664','9999999',2,21.00,'success','rec_order','2025-08-01 19:58:14',NULL,NULL,b'0',NULL,NULL,NULL),
	(474,'1755685068158799598','9999999',2,5.00,'success','rec_order','2025-08-20 18:17:48',NULL,NULL,b'0',NULL,NULL,NULL),
	(475,'1755688420438402659','9999999',2,14.00,'success','rec_order','2025-08-20 19:13:40',NULL,NULL,b'0',NULL,NULL,NULL),
	(476,'1758965779836385695','67',2,1.00,'success','rec_order','2025-09-27 17:36:20',NULL,NULL,b'0',NULL,NULL,NULL),
	(477,'1761049034232381735','22',2,67.00,'success','rec_order','2025-10-21 20:17:14',NULL,NULL,b'0',NULL,NULL,NULL),
	(478,'1761145707978725645','22',2,12.00,'success','rec_order','2025-10-22 23:08:28',NULL,NULL,b'0',NULL,NULL,NULL),
	(479,'1761145833499242483','22',2,70.00,'success','rec_order','2025-10-22 23:10:33',NULL,NULL,b'0',NULL,NULL,NULL),
	(480,'1761194610110115873','34',2,127.00,'success','rec_order','2025-10-23 12:43:30',NULL,NULL,b'0',NULL,NULL,NULL),
	(481,'1761194762527985479','34',1,12.00,'success','rec_order','2025-10-23 12:46:03',NULL,NULL,b'0',NULL,NULL,NULL),
	(482,'1761195381171171238','12',1,32.00,'success','rec_order','2025-10-23 12:56:21',NULL,NULL,b'0',NULL,NULL,NULL),
	(483,'1761195817432689591','33',1,32.00,'success','rec_order','2025-10-23 13:03:37',NULL,NULL,b'0',NULL,NULL,NULL),
	(484,'1766637968902879705','11',2,45.00,'success','rec_order','2025-12-25 12:46:09',NULL,NULL,b'0',NULL,NULL,NULL),
	(485,'1766645290940897024','11',2,13.00,'success','rec_order','2025-12-25 14:48:11',NULL,NULL,b'0',NULL,NULL,NULL),
	(486,'1769740680799374805','5',3,43.00,'success','rec_order','2026-01-30 10:38:01',NULL,NULL,b'0',NULL,NULL,NULL),
	(487,'1769740680799400806','5',3,43.00,'success','rec_order','2026-01-30 10:38:01',NULL,NULL,b'0',NULL,NULL,NULL),
	(488,'1772275354834776542','5',2,10.00,'success','rec_order','2026-02-28 18:42:35',NULL,NULL,b'0',NULL,NULL,NULL),
	(489,'1772275392472941476','5',2,20.00,'success','rec_order','2026-02-28 18:43:12',NULL,NULL,b'0',NULL,NULL,NULL),
	(490,'1772368277211140230','1',2,89.00,'success','rec_order','2026-03-01 20:31:17',NULL,NULL,b'0',NULL,NULL,NULL),
	(491,'1772368819090202894','5',2,20.00,'success','rec_order','2026-03-01 20:40:19',NULL,NULL,b'0',NULL,NULL,NULL),
	(492,'1772459426869236753','122',4,10.00,'success','rec_order','2026-03-02 21:50:27',NULL,NULL,b'0',NULL,NULL,NULL);

/*!40000 ALTER TABLE `t_order` ENABLE KEYS */;
UNLOCK TABLES;


# 转储表 t_order_detail
# ------------------------------------------------------------

DROP TABLE IF EXISTS `t_order_detail`;

CREATE TABLE `t_order_detail` (
  `id` int NOT NULL AUTO_INCREMENT COMMENT '编号',
  `mId` int DEFAULT NULL COMMENT '订单主表ID',
  `name` varchar(100) DEFAULT NULL COMMENT '菜品名称',
  `quantity` int DEFAULT NULL COMMENT '数量',
  `unit` varchar(11) DEFAULT NULL COMMENT '单位',
  `image` varchar(100) DEFAULT NULL COMMENT '菜品图片',
  `total_price` decimal(6,2) DEFAULT NULL COMMENT '总价',
  PRIMARY KEY (`id`),
  KEY `mId` (`mId`),
  CONSTRAINT `t_order_detail_ibfk_1` FOREIGN KEY (`mId`) REFERENCES `t_order` (`id`)
) ENGINE=InnoDB DEFAULT CHARSET=utf8mb3;

LOCK TABLES `t_order_detail` WRITE;
/*!40000 ALTER TABLE `t_order_detail` DISABLE KEYS */;

INSERT INTO `t_order_detail` (`id`, `mId`, `name`, `quantity`, `unit`, `image`, `total_price`)
VALUES
	(267,180,'肉夹馍',3,'份','20250528093150000000190.webp',21.00),
	(268,181,'肉夹馍',3,'份','20250528093150000000190.webp',21.00),
	(269,182,'肉夹馍',3,'份','20250528093150000000190.webp',21.00),
	(270,183,'肉夹馍',3,'份','20250528093150000000190.webp',21.00),
	(271,184,'肉夹馍',3,'份','20250528093150000000190.webp',21.00),
	(272,185,'肉夹馍',3,'份','20250528093150000000190.webp',21.00),
	(273,186,'米饭',3,'份','20250528093305000000564.webp',6.00),
	(274,186,'肉夹馍',3,'份','20250528093150000000190.webp',21.00),
	(275,187,'肉夹馍',1,'份','20250528093150000000190.webp',7.00),
	(276,188,'肉夹馍',5,'份','20250528093150000000190.webp',35.00),
	(277,189,'肉夹馍',1,'份','20250528093150000000190.webp',7.00),
	(278,190,'肉夹馍',1,'份','20250528093150000000190.webp',7.00),
	(279,191,'肉夹馍',1,'份','20250528093150000000190.webp',7.00),
	(280,192,'肉夹馍',1,'份','20250528093150000000190.webp',7.00),
	(281,193,'肉夹馍',4,'份','20250528093150000000190.webp',28.00),
	(282,194,'番茄炒蛋',1,'盘','20250528093245000000560.webp',10.00),
	(283,194,'肉夹馍',4,'份','20250528093150000000190.webp',28.00),
	(284,195,'红烧肉',4,'盘','20250528093337000000597.webp',60.00),
	(285,195,'番茄炒蛋',1,'盘','20250528093245000000560.webp',10.00),
	(286,195,'肉夹馍',4,'份','20250528093150000000190.webp',28.00),
	(287,196,'红烧鱼',2,'盘','20250528093421000000858.webp',40.00),
	(288,196,'红烧肉',4,'盘','20250528093337000000597.webp',60.00),
	(289,196,'番茄炒蛋',1,'盘','20250528093245000000560.webp',10.00),
	(290,196,'肉夹馍',4,'份','20250528093150000000190.webp',28.00),
	(291,197,'米饭',2,'份','20250528093305000000564.webp',4.00),
	(292,207,'红烧鱼',2,'盘','20250528093421000000858.webp',40.00),
	(293,207,'红烧肉',4,'盘','20250528093337000000597.webp',60.00),
	(294,207,'番茄炒蛋',3,'盘','20250528093245000000560.webp',30.00),
	(295,208,'肉夹馍',4,'份','20250528093150000000190.webp',28.00),
	(296,209,'肉夹馍',1,'份','20250528093150000000190.webp',7.00),
	(297,210,'红烧鱼',2,'盘','20250528093421000000858.webp',40.00),
	(298,210,'红烧肉',4,'盘','20250528093337000000597.webp',60.00),
	(299,211,'红烧鱼',1,'盘','20250528093421000000858.webp',20.00),
	(300,212,'面皮',12,'盘','20250528093209000000902.webp',96.00),
	(301,212,'米饭',2,'份','20250528093305000000564.webp',4.00),
	(302,213,'面皮',13,'盘','20250528093209000000902.webp',104.00),
	(303,213,'红烧鱼',1,'盘','20250528093421000000858.webp',20.00),
	(304,214,'红烧鱼',2,'盘','20250528093421000000858.webp',40.00),
	(305,214,'红烧肉',4,'盘','20250528093337000000597.webp',60.00),
	(306,215,'土豆丝',1,'盘','20250528093725000000998.webp',10.00),
	(307,215,'面皮',13,'盘','20250528093209000000902.webp',104.00),
	(308,215,'红烧鱼',1,'盘','20250528093421000000858.webp',20.00),
	(309,216,'肉夹馍',2,'份','20250528093150000000190.webp',14.00),
	(310,217,'番茄炒蛋',1,'盘','20250528093245000000560.webp',10.00),
	(311,218,'米饭',1,'份','20250528093305000000564.webp',2.00),
	(312,219,'米饭',1,'份','20250528093305000000564.webp',2.00),
	(313,220,'米饭',1,'份','20250528093305000000564.webp',2.00),
	(314,221,'米饭',1,'份','20250528093305000000564.webp',2.00),
	(315,222,'肉夹馍',1,'份','20250528093150000000190.webp',7.00),
	(316,223,'肉夹馍',1,'份','20250528093150000000190.webp',7.00),
	(317,224,'肉夹馍',4,'份','20250528093150000000190.webp',28.00),
	(318,225,'红烧肉',1,'盘','20250528093337000000597.webp',15.00),
	(319,226,'红烧肉',1,'盘','20250528093337000000597.webp',15.00),
	(320,227,'红烧肉',1,'盘','20250528093337000000597.webp',15.00),
	(321,228,'红烧肉',1,'盘','20250528093337000000597.webp',15.00),
	(322,229,'番茄炒蛋',1,'盘','20250528093245000000560.webp',10.00),
	(323,229,'红烧肉',1,'盘','20250528093337000000597.webp',15.00),
	(324,230,'米饭',1,'份','20250528093305000000564.webp',2.00),
	(325,230,'红烧肉',1,'盘','20250528093337000000597.webp',15.00),
	(326,231,'红烧肉',1,'盘','20250528093337000000597.webp',15.00),
	(327,231,'米饭',1,'份','20250528093305000000564.webp',2.00),
	(328,232,'红烧肉',1,'盘','20250528093337000000597.webp',15.00),
	(329,233,'红烧肉',1,'盘','20250528093337000000597.webp',15.00),
	(330,234,'米饭',1,'份','20250528093305000000564.webp',2.00),
	(331,235,'米饭',1,'份','20250528093305000000564.webp',2.00),
	(332,236,'红烧肉',1,'盘','20250528093337000000597.webp',15.00),
	(333,237,'红烧肉',1,'盘','20250528093337000000597.webp',15.00),
	(334,238,'红烧肉',1,'盘','20250528093337000000597.webp',15.00),
	(335,239,'红烧肉',1,'盘','20250528093337000000597.webp',15.00),
	(336,240,'红烧肉',1,'盘','20250528093337000000597.webp',15.00),
	(337,241,'米饭',1,'份','20250528093305000000564.webp',2.00),
	(338,242,'肉夹馍',1,'份','20250528093150000000190.webp',7.00),
	(339,243,'肉夹馍',2,'份','20250528093150000000190.webp',14.00),
	(340,244,'肉夹馍',2,'份','20250528093150000000190.webp',14.00),
	(341,245,'肉夹馍',2,'份','20250528093150000000190.webp',14.00),
	(342,246,'肉夹馍',2,'份','20250528093150000000190.webp',14.00),
	(343,247,'肉夹馍',2,'份','20250528093150000000190.webp',14.00),
	(344,248,'米饭',1,'份','20250528093305000000564.webp',2.00),
	(345,249,'米饭',1,'份','20250528093305000000564.webp',2.00),
	(346,250,'米饭',1,'份','20250528093305000000564.webp',2.00),
	(347,251,'米饭',1,'份','20250528093305000000564.webp',2.00),
	(348,252,'米饭',1,'份','20250528093305000000564.webp',2.00),
	(349,253,'米饭',1,'份','20250528093305000000564.webp',2.00),
	(350,254,'米饭',1,'份','20250528093305000000564.webp',2.00),
	(351,255,'米饭',1,'份','20250528093305000000564.webp',2.00),
	(352,256,'米饭',1,'份','20250528093305000000564.webp',2.00),
	(353,257,'米饭',1,'份','20250528093305000000564.webp',2.00),
	(354,258,'米饭',1,'份','20250528093305000000564.webp',2.00),
	(355,259,'米饭',1,'份','20250528093305000000564.webp',2.00),
	(356,260,'番茄炒蛋',1,'盘','20250528093245000000560.webp',10.00),
	(357,260,'米饭',1,'份','20250528093305000000564.webp',2.00),
	(358,261,'番茄炒蛋',1,'盘','20250528093245000000560.webp',10.00),
	(359,261,'米饭',1,'份','20250528093305000000564.webp',2.00),
	(360,262,'番茄炒蛋',1,'盘','20250528093245000000560.webp',10.00),
	(361,262,'米饭',1,'份','20250528093305000000564.webp',2.00),
	(362,263,'番茄炒蛋',1,'盘','20250528093245000000560.webp',10.00),
	(363,264,'番茄炒蛋',1,'盘','20250528093245000000560.webp',10.00),
	(364,265,'番茄炒蛋',1,'盘','20250528093245000000560.webp',10.00),
	(365,266,'面皮',1,'盘','20250528093209000000902.webp',8.00),
	(366,267,'面皮',3,'盘','20250528093209000000902.webp',24.00),
	(367,268,'面皮',3,'盘','20250528093209000000902.webp',24.00),
	(368,269,'番茄炒蛋',1,'盘','20250528093245000000560.webp',10.00),
	(369,270,'番茄炒蛋',1,'盘','20250528093245000000560.webp',10.00),
	(370,271,'红烧肉',1,'盘','20250528093337000000597.webp',15.00),
	(371,271,'面皮',1,'盘','20250528093209000000902.webp',8.00),
	(372,272,'面皮',3,'盘','20250528093209000000902.webp',24.00),
	(373,273,'面皮',3,'盘','20250528093209000000902.webp',24.00),
	(374,274,'面皮',1,'盘','20250528093209000000902.webp',8.00),
	(375,275,'面皮',1,'盘','20250528093209000000902.webp',8.00),
	(376,276,'番茄炒蛋',1,'盘','20250528093245000000560.webp',10.00),
	(377,277,'肉夹馍',1,'份','20250528093150000000190.webp',7.00),
	(378,278,'肉夹馍',1,'份','20250528093150000000190.webp',7.00),
	(379,279,'面皮',2,'盘','20250528093209000000902.webp',16.00),
	(380,280,'米饭',1,'份','20250528093305000000564.webp',2.00),
	(381,281,'红烧鱼',1,'盘','20250528093421000000858.webp',20.00),
	(382,282,'肉夹馍',1,'份','20250528093150000000190.webp',7.00),
	(383,283,'肉夹馍',1,'份','20250528093150000000190.webp',7.00),
	(384,284,'肉夹馍',1,'份','20250528093150000000190.webp',7.00),
	(387,287,'肉夹馍',1,'份','20250528093150000000190.webp',7.00),
	(388,288,'面皮',1,'盘','20250528093209000000902.webp',8.00),
	(389,289,'面皮',1,'盘','20250528093209000000902.webp',8.00),
	(390,290,'面皮',13,'盘','20250528093209000000902.webp',104.00),
	(391,290,'红烧鱼',1,'盘','20250528093421000000858.webp',20.00),
	(392,290,'土豆丝',1,'盘','20250528093725000000998.webp',10.00),
	(393,291,'面皮',13,'盘','20250528093209000000902.webp',104.00),
	(394,291,'红烧鱼',3,'盘','20250528093421000000858.webp',60.00),
	(395,292,'面皮',1,'盘','20250528093209000000902.webp',8.00),
	(396,293,'面皮',1,'盘','20250528093209000000902.webp',8.00),
	(397,294,'肉夹馍',1,'份','20250528093150000000190.webp',7.00),
	(398,294,'面皮',1,'盘','20250528093209000000902.webp',8.00),
	(399,295,'肉夹馍',1,'份','20250528093150000000190.webp',7.00),
	(400,295,'面皮',1,'盘','20250528093209000000902.webp',8.00),
	(401,296,'番茄炒蛋',1,'盘','20250528093245000000560.webp',10.00),
	(402,296,'肉夹馍',1,'份','20250528093150000000190.webp',7.00),
	(403,296,'面皮',1,'盘','20250528093209000000902.webp',8.00),
	(404,297,'番茄炒蛋',1,'盘','20250528093245000000560.webp',10.00),
	(405,297,'肉夹馍',1,'份','20250528093150000000190.webp',7.00),
	(406,297,'面皮',1,'盘','20250528093209000000902.webp',8.00),
	(407,298,'番茄炒蛋',1,'盘','20250528093245000000560.webp',10.00),
	(408,298,'肉夹馍',2,'份','20250528093150000000190.webp',14.00),
	(409,298,'面皮',1,'盘','20250528093209000000902.webp',8.00),
	(410,299,'土豆丝',1,'盘','20250528093725000000998.webp',10.00),
	(411,299,'番茄炒蛋',1,'盘','20250528093245000000560.webp',10.00),
	(412,299,'肉夹馍',2,'份','20250528093150000000190.webp',14.00),
	(413,299,'面皮',1,'盘','20250528093209000000902.webp',8.00),
	(414,300,'土豆丝',1,'盘','20250528093725000000998.webp',10.00),
	(415,300,'番茄炒蛋',1,'盘','20250528093245000000560.webp',10.00),
	(416,300,'肉夹馍',2,'份','20250528093150000000190.webp',14.00),
	(417,300,'面皮',1,'盘','20250528093209000000902.webp',8.00),
	(418,301,'土豆丝',1,'盘','20250528093725000000998.webp',10.00),
	(419,301,'番茄炒蛋',1,'盘','20250528093245000000560.webp',10.00),
	(420,301,'肉夹馍',2,'份','20250528093150000000190.webp',14.00),
	(421,301,'面皮',1,'盘','20250528093209000000902.webp',8.00),
	(422,302,'肉夹馍',1,'份','20250528093150000000190.webp',7.00),
	(423,303,'肉夹馍',3,'份','20250528093150000000190.webp',21.00),
	(424,304,'肉夹馍',2,'份','20250528093150000000190.webp',14.00),
	(425,305,'肉夹馍',2,'份','20250528093150000000190.webp',14.00),
	(426,306,'肉夹馍',2,'份','20250528093150000000190.webp',14.00),
	(427,307,'肉夹馍',2,'份','20250528093150000000190.webp',14.00),
	(428,308,'肉夹馍',2,'份','20250528093150000000190.webp',14.00),
	(429,309,'肉夹馍',2,'份','20250528093150000000190.webp',14.00),
	(430,310,'肉夹馍',2,'份','20250528093150000000190.webp',14.00),
	(431,311,'肉夹馍',2,'份','20250528093150000000190.webp',14.00),
	(436,286,'面皮',2,'盘','20250528093209000000902.webp',2.00),
	(437,286,'肉夹馍',2,'份','20250528093150000000190.webp',14.00),
	(438,312,'番茄炒蛋',1,'盘','20250528093245000000560.webp',10.00),
	(439,312,'面皮',1,'盘','20250528093209000000902.webp',1.00),
	(440,312,'肉夹馍',1,'份','20250528093150000000190.webp',7.00),
	(443,313,'面皮',2,'盘','20250528093209000000902.webp',2.00),
	(452,285,'肉夹馍',2,'份','20250528093150000000190.webp',14.00),
	(454,314,'肉夹馍',4,'份','20250528093150000000190.webp',28.00),
	(457,315,'面皮',2,'盘','20250528093209000000902.webp',2.00),
	(469,316,'面皮',1,'盘','20250528093209000000902.webp',1.00),
	(470,316,'肉夹馍',2,'份','20250528093150000000190.webp',14.00),
	(474,317,'肉夹馍',4,'份','20250528093150000000190.webp',28.00),
	(475,318,'肉夹馍',2,'份','20250528093150000000190.webp',14.00),
	(476,318,'面皮',13,'盘','20250528093209000000902.webp',104.00),
	(477,318,'红烧鱼',3,'盘','20250528093421000000858.webp',60.00),
	(478,319,'肉夹馍',5,'份','20250528093150000000190.webp',35.00),
	(479,320,'肉夹馍',5,'份','20250528093150000000190.webp',35.00),
	(480,321,'肉夹馍',5,'份','20250528093150000000190.webp',35.00),
	(481,322,'糖醋排骨',1,'份','20250612115629000000437.jpeg',20.00),
	(482,322,'面皮',1,'盘','20250528093209000000902.webp',1.00),
	(483,322,'肉夹馍',1,'份','20250528093150000000190.webp',7.00),
	(484,323,'糖醋排骨',1,'份','20250612115629000000437.jpeg',20.00),
	(485,323,'面皮',1,'盘','20250528093209000000902.webp',1.00),
	(486,323,'肉夹馍',1,'份','20250528093150000000190.webp',7.00),
	(487,324,'糖醋排骨',1,'份','20250612115629000000437.jpeg',20.00),
	(488,324,'面皮',1,'盘','20250528093209000000902.webp',1.00),
	(489,324,'肉夹馍',1,'份','20250528093150000000190.webp',7.00),
	(490,325,'番茄炒蛋',4,'盘','20250528093245000000560.webp',40.00),
	(491,326,'番茄炒蛋',4,'盘','20250528093245000000560.webp',40.00),
	(492,327,'米饭',2,'份','20250528093305000000564.webp',4.00),
	(493,327,'番茄炒蛋',2,'盘','20250528093245000000560.webp',20.00),
	(494,327,'肉夹馍',2,'份','20250528093150000000190.webp',14.00),
	(495,327,'面皮',14,'盘','20250528093209000000902.webp',14.00),
	(496,328,'米饭',2,'份','20250528093305000000564.webp',4.00),
	(497,328,'番茄炒蛋',2,'盘','20250528093245000000560.webp',20.00),
	(498,328,'肉夹馍',2,'份','20250528093150000000190.webp',14.00),
	(499,328,'面皮',14,'盘','20250528093209000000902.webp',14.00),
	(500,329,'红烧肉',2,'盘','20250528093337000000597.webp',30.00),
	(501,329,'米饭',2,'份','20250528093305000000564.webp',4.00),
	(502,329,'番茄炒蛋',2,'盘','20250528093245000000560.webp',20.00),
	(503,329,'面皮',12,'盘','20250528093209000000902.webp',12.00),
	(504,330,'红烧肉',2,'盘','20250528093337000000597.webp',30.00),
	(505,330,'米饭',2,'份','20250528093305000000564.webp',4.00),
	(506,330,'番茄炒蛋',2,'盘','20250528093245000000560.webp',20.00),
	(507,330,'肉夹馍',0,'份','20250528093150000000190.webp',0.00),
	(508,330,'面皮',12,'盘','20250528093209000000902.webp',12.00),
	(509,331,'面皮',14,'盘','20250528093209000000902.webp',14.00),
	(510,331,'肉夹馍',2,'份','20250528093150000000190.webp',14.00),
	(511,332,'面皮',14,'盘','20250528093209000000902.webp',14.00),
	(512,332,'肉夹馍',2,'份','20250528093150000000190.webp',14.00),
	(513,333,'面皮',14,'盘','20250528093209000000902.webp',14.00),
	(514,334,'面皮',14,'盘','20250528093209000000902.webp',14.00),
	(515,335,'糖醋排骨',1,'份','20250612115629000000437.jpeg',20.00),
	(516,336,'糖醋排骨',1,'份','20250612115629000000437.jpeg',20.00),
	(517,337,'糖醋排骨',1,'份','20250612115629000000437.jpeg',20.00),
	(518,338,'糖醋排骨',1,'份','20250612115629000000437.jpeg',20.00),
	(519,339,'肉夹馍',2,'份','20250528093150000000190.webp',14.00),
	(520,340,'肉夹馍',2,'份','20250528093150000000190.webp',14.00),
	(521,341,'面皮',3,'盘','20250528093209000000902.webp',3.00),
	(522,341,'肉夹馍',2,'份','20250528093150000000190.webp',14.00),
	(523,342,'面皮',3,'盘','20250528093209000000902.webp',3.00),
	(524,342,'肉夹馍',2,'份','20250528093150000000190.webp',14.00),
	(525,343,'肉夹馍',3,'份','20250528093150000000190.webp',21.00),
	(526,344,'肉夹馍',3,'份','20250528093150000000190.webp',21.00),
	(527,345,'肉夹馍',3,'份','20250528093150000000190.webp',21.00),
	(528,346,'肉夹馍',3,'份','20250528093150000000190.webp',21.00),
	(529,347,'米饭',2,'份','20250528093305000000564.webp',4.00),
	(530,347,'番茄炒蛋',2,'盘','20250528093245000000560.webp',20.00),
	(531,347,'面皮',14,'盘','20250528093209000000902.webp',14.00),
	(532,348,'米饭',2,'份','20250528093305000000564.webp',4.00),
	(533,348,'番茄炒蛋',2,'盘','20250528093245000000560.webp',20.00),
	(534,348,'面皮',14,'盘','20250528093209000000902.webp',14.00),
	(535,349,'肉夹馍',3,'份','20250528093150000000190.webp',21.00),
	(536,350,'肉夹馍',3,'份','20250528093150000000190.webp',21.00),
	(537,351,'面皮',14,'盘','20250528093209000000902.webp',14.00),
	(538,352,'面皮',14,'盘','20250528093209000000902.webp',14.00),
	(539,353,'面皮',14,'盘','20250528093209000000902.webp',14.00),
	(540,353,'肉夹馍',2,'份','20250528093150000000190.webp',14.00),
	(541,354,'面皮',14,'盘','20250528093209000000902.webp',14.00),
	(542,354,'肉夹馍',2,'份','20250528093150000000190.webp',14.00),
	(543,355,'肉夹馍',3,'份','20250528093150000000190.webp',21.00),
	(544,356,'肉夹馍',3,'份','20250528093150000000190.webp',21.00),
	(545,357,'面皮',15,'盘','20250528093209000000902.webp',15.00),
	(546,358,'面皮',15,'盘','20250528093209000000902.webp',15.00),
	(547,359,'肉夹馍',2,'份','20250528093150000000190.webp',14.00),
	(548,360,'肉夹馍',2,'份','20250528093150000000190.webp',14.00),
	(549,361,'肉夹馍',3,'份','20250528093150000000190.webp',21.00),
	(550,362,'肉夹馍',3,'份','20250528093150000000190.webp',21.00),
	(551,363,'肉夹馍',2,'份','20250528093150000000190.webp',14.00),
	(552,364,'肉夹馍',2,'份','20250528093150000000190.webp',14.00),
	(553,365,'面皮',15,'盘','20250528093209000000902.webp',15.00),
	(554,366,'面皮',15,'盘','20250528093209000000902.webp',15.00),
	(555,367,'番茄炒蛋',2,'盘','20250528093245000000560.webp',20.00),
	(556,368,'番茄炒蛋',2,'盘','20250528093245000000560.webp',20.00),
	(557,369,'肉夹馍',2,'份','20250528093150000000190.webp',14.00),
	(558,370,'肉夹馍',2,'份','20250528093150000000190.webp',14.00),
	(559,371,'糖醋排骨',1,'份','20250612115629000000437.jpeg',20.00),
	(560,372,'糖醋排骨',1,'份','20250612115629000000437.jpeg',20.00),
	(561,373,'番茄炒蛋',2,'盘','20250528093245000000560.webp',20.00),
	(562,374,'番茄炒蛋',2,'盘','20250528093245000000560.webp',20.00),
	(563,375,'糖醋排骨',1,'份','20250612115629000000437.jpeg',20.00),
	(564,376,'糖醋排骨',1,'份','20250612115629000000437.jpeg',20.00),
	(565,377,'糖醋排骨',1,'份','20250612115629000000437.jpeg',20.00),
	(566,378,'糖醋排骨',1,'份','20250612115629000000437.jpeg',20.00),
	(567,379,'面皮',14,'盘','20250528093209000000902.webp',14.00),
	(568,380,'面皮',14,'盘','20250528093209000000902.webp',14.00),
	(569,381,'土豆丝',1,'盘','20250528093725000000998.webp',10.00),
	(570,382,'土豆丝',1,'盘','20250528093725000000998.webp',10.00),
	(571,382,'肉夹馍',0,'份','20250528093150000000190.webp',0.00),
	(572,383,'糖醋排骨',1,'份','20250612115629000000437.jpeg',20.00),
	(573,383,'土豆丝',1,'盘','20250528093725000000998.webp',10.00),
	(574,384,'糖醋排骨',1,'份','20250612115629000000437.jpeg',20.00),
	(575,384,'土豆丝',1,'盘','20250528093725000000998.webp',10.00),
	(576,384,'肉夹馍',0,'份','20250528093150000000190.webp',0.00),
	(577,385,'土豆丝',3,'盘','20250528093725000000998.webp',30.00),
	(578,386,'土豆丝',3,'盘','20250528093725000000998.webp',30.00),
	(579,387,'土豆丝',2,'盘','20250528093725000000998.webp',20.00),
	(580,388,'土豆丝',2,'盘','20250528093725000000998.webp',20.00),
	(581,388,'肉夹馍',0,'份','20250528093150000000190.webp',0.00),
	(582,389,'番茄炒蛋',1,'盘','20250528093245000000560.webp',10.00),
	(583,390,'番茄炒蛋',1,'盘','20250528093245000000560.webp',10.00),
	(584,391,'番茄炒蛋',1,'盘','20250528093245000000560.webp',10.00),
	(585,392,'肉夹馍',2,'份','20250528093150000000190.webp',14.00),
	(586,393,'肉夹馍',2,'份','20250528093150000000190.webp',14.00),
	(587,394,'肉夹馍',2,'份','20250528093150000000190.webp',14.00),
	(588,395,'肉夹馍',2,'份','20250528093150000000190.webp',14.00),
	(589,396,'肉夹馍',1,'份','20250528093150000000190.webp',7.00),
	(590,397,'肉夹馍',1,'份','20250528093150000000190.webp',7.00),
	(591,398,'米饭',1,'份','20250528093305000000564.webp',2.00),
	(592,399,'米饭',1,'份','20250528093305000000564.webp',2.00),
	(593,400,'红烧肉',1,'盘','20250528093337000000597.webp',15.00),
	(594,401,'红烧肉',1,'盘','20250528093337000000597.webp',15.00),
	(595,402,'糖醋排骨',2,'份','20250612115629000000437.jpeg',40.00),
	(596,403,'糖醋排骨',2,'份','20250612115629000000437.jpeg',40.00),
	(597,404,'肉夹馍',1,'份','20250528093150000000190.webp',7.00),
	(598,405,'肉夹馍',1,'份','20250528093150000000190.webp',7.00),
	(599,406,'面皮',1,'盘','20250528093209000000902.webp',1.00),
	(600,407,'面皮',1,'盘','20250528093209000000902.webp',1.00),
	(601,408,'面皮',1,'盘','20250528093209000000902.webp',1.00),
	(602,409,'面皮',1,'盘','20250528093209000000902.webp',1.00),
	(603,410,'肉夹馍',1,'份','20250528093150000000190.webp',7.00),
	(604,411,'肉夹馍',1,'份','20250528093150000000190.webp',7.00),
	(605,412,'米饭',1,'份','20250528093305000000564.webp',2.00),
	(606,412,'面皮',1,'盘','20250528093209000000902.webp',1.00),
	(607,413,'米饭',1,'份','20250528093305000000564.webp',2.00),
	(608,413,'面皮',1,'盘','20250528093209000000902.webp',1.00),
	(609,414,'肉夹馍',2,'份','20250528093150000000190.webp',14.00),
	(610,415,'肉夹馍',2,'份','20250528093150000000190.webp',14.00),
	(611,416,'米饭',1,'份','20250528093305000000564.webp',2.00),
	(612,417,'米饭',1,'份','20250528093305000000564.webp',2.00),
	(613,418,'面皮',5,'盘','20250528093209000000902.webp',5.00),
	(614,419,'肉夹馍',2,'份','20250528093150000000190.webp',14.00),
	(615,419,'米饭',1,'份','20250528093305000000564.webp',2.00),
	(616,420,'肉夹馍',2,'份','20250528093150000000190.webp',14.00),
	(617,421,'肉夹馍',2,'份','20250528093150000000190.webp',14.00),
	(618,422,'面皮',2,'盘','20250528093209000000902.webp',2.00),
	(619,423,'肉夹馍',2,'份','20250528093150000000190.webp',14.00),
	(620,424,'面皮',2,'盘','20250528093209000000902.webp',2.00),
	(621,425,'面皮',2,'盘','20250528093209000000902.webp',2.00),
	(622,426,'肉夹馍',2,'份','20250528093150000000190.webp',14.00),
	(623,427,'肉夹馍',2,'份','20250528093150000000190.webp',14.00),
	(624,428,'面皮',1,'盘','20250528093209000000902.webp',1.00),
	(625,428,'肉夹馍',1,'份','20250528093150000000190.webp',7.00),
	(626,429,'面皮',1,'盘','20250528093209000000902.webp',1.00),
	(627,429,'肉夹馍',1,'份','20250528093150000000190.webp',7.00),
	(628,430,'肉夹馍',2,'份','20250528093150000000190.webp',14.00),
	(629,431,'肉夹馍',2,'份','20250528093150000000190.webp',14.00),
	(630,432,'面皮',2,'盘','20250528093209000000902.webp',2.00),
	(631,433,'肉夹馍',2,'份','20250528093150000000190.webp',14.00),
	(632,434,'肉夹馍',2,'份','20250528093150000000190.webp',14.00),
	(633,435,'肉夹馍',1,'份','20250528093150000000190.webp',7.00),
	(634,436,'面皮',1,'盘','20250528093209000000902.webp',1.00),
	(635,437,'肉夹馍',1,'份','20250528093150000000190.webp',7.00),
	(636,438,'面皮',2,'盘','20250528093209000000902.webp',2.00),
	(637,439,'面皮',1,'盘','20250528093209000000902.webp',1.00),
	(638,439,'肉夹馍',1,'份','20250528093150000000190.webp',7.00),
	(639,440,'肉夹馍',1,'份','20250528093150000000190.webp',7.00),
	(640,441,'米饭',1,'份','20250528093305000000564.webp',2.00),
	(641,442,'面皮',1,'盘','20250528093209000000902.webp',1.00),
	(642,443,'米饭',1,'份','20250528093305000000564.webp',2.00),
	(643,444,'面皮',1,'盘','20250528093209000000902.webp',1.00),
	(644,445,'米饭',2,'份','20250528093305000000564.webp',4.00),
	(645,446,'肉夹馍',2,'份','20250528093150000000190.webp',14.00),
	(646,447,'肉夹馍',2,'份','20250528093150000000190.webp',14.00),
	(647,448,'米饭',2,'份','20250528093305000000564.webp',4.00),
	(648,449,'肉夹馍',2,'份','20250528093150000000190.webp',14.00),
	(649,450,'米饭',2,'份','20250528093305000000564.webp',4.00),
	(650,451,'面皮',1,'盘','20250528093209000000902.webp',1.00),
	(651,452,'面皮',3,'盘','20250528093209000000902.webp',3.00),
	(652,453,'红烧肉',1,'盘','20250528093337000000597.webp',15.00),
	(653,453,'米饭',1,'份','20250528093305000000564.webp',2.00),
	(654,453,'面皮',1,'盘','20250528093209000000902.webp',1.00),
	(655,453,'肉夹馍',1,'份','20250528093150000000190.webp',7.00),
	(656,454,'红烧肉',1,'盘','20250528093337000000597.webp',15.00),
	(657,454,'米饭',1,'份','20250528093305000000564.webp',2.00),
	(658,454,'面皮',1,'盘','20250528093209000000902.webp',1.00),
	(659,454,'肉夹馍',1,'份','20250528093150000000190.webp',7.00),
	(660,455,'面皮',1,'盘','20250528093209000000902.webp',1.00),
	(661,455,'肉夹馍',1,'份','20250528093150000000190.webp',7.00),
	(662,456,'肉夹馍',2,'份','20250528093150000000190.webp',14.00),
	(663,457,'肉夹馍',1,'份','20250528093150000000190.webp',7.00),
	(664,458,'肉夹馍',1,'份','20250528093150000000190.webp',7.00),
	(665,459,'面皮',1,'盘','20250528093209000000902.webp',1.00),
	(666,459,'肉夹馍',1,'份','20250528093150000000190.webp',7.00),
	(667,460,'面皮',2,'盘','20250528093209000000902.webp',2.00),
	(668,461,'面皮',1,'盘','20250528093209000000902.webp',1.00),
	(669,462,'肉夹馍',1,'份','20250528093150000000190.webp',7.00),
	(670,463,'肉夹馍',3,'份','20250528093150000000190.webp',21.00),
	(671,464,'红烧鱼',1,'盘','20250528093421000000858.webp',20.00),
	(672,464,'红烧肉',1,'盘','20250528093337000000597.webp',15.00),
	(673,464,'米饭',2,'份','20250528093305000000564.webp',4.00),
	(674,464,'面皮',1,'盘','20250528093209000000902.webp',1.00),
	(675,464,'肉夹馍',1,'份','20250528093150000000190.webp',7.00),
	(676,465,'土豆丝',1,'盘','20250528093725000000998.webp',10.00),
	(677,465,'红烧鱼',1,'盘','20250528093421000000858.webp',20.00),
	(678,466,'肉夹馍',6,'份','20250528093150000000190.webp',42.00),
	(679,467,'面皮',1,'盘','20250528093209000000902.webp',1.00),
	(680,468,'红烧鱼',1,'盘','20250528093421000000858.webp',20.00),
	(681,468,'米饭',1,'份','20250528093305000000564.webp',2.00),
	(682,468,'番茄炒蛋',1,'盘','20250528093245000000560.webp',10.00),
	(683,468,'面皮',1,'盘','20250528093209000000902.webp',1.00),
	(684,468,'肉夹馍',1,'份','20250528093150000000190.webp',7.00),
	(685,469,'面皮',1,'盘','20250528093209000000902.webp',1.00),
	(686,469,'肉夹馍',2,'份','20250528093150000000190.webp',14.00),
	(687,470,'红烧鱼',1,'盘','20250528093421000000858.webp',20.00),
	(688,470,'番茄炒蛋',1,'盘','20250528093245000000560.webp',10.00),
	(689,470,'肉夹馍',1,'份','20250528093150000000190.webp',7.00),
	(690,471,'肉夹馍',1,'份','20250528093150000000190.webp',7.00),
	(691,472,'肉夹馍',2,'份','20250528093150000000190.webp',14.00),
	(692,473,'肉夹馍',3,'份','20250528093150000000190.webp',21.00),
	(693,474,'大窑',1,'','20250820060620000000739.jpg',5.00),
	(694,475,'肉夹馍',2,'份','20250528093150000000190.webp',14.00),
	(695,476,'面皮',1,'盘','20250528093209000000902.webp',1.00),
	(696,477,'糖醋排骨',1,'份','20250612115629000000437.jpeg',20.00),
	(697,477,'红烧鱼',1,'盘','20250528093421000000858.webp',20.00),
	(698,477,'红烧肉',1,'盘','20250528093337000000597.webp',15.00),
	(699,477,'米饭',1,'份','20250528093305000000564.webp',2.00),
	(700,477,'土豆丝',1,'盘','20250528093725000000998.webp',10.00),
	(701,477,'面皮',0,'盘','20250528093209000000902.webp',0.00),
	(702,478,'土豆丝',1,'盘','20250528093725000000998.webp',10.00),
	(703,478,'面皮',2,'盘','20250528093209000000902.webp',2.00),
	(704,479,'肉夹馍',10,'份','20250528093150000000190.webp',70.00),
	(705,480,'米饭',1,'份','20250528093305000000564.webp',2.00),
	(706,480,'可乐',1,'罐','20251023123005000000718.webp',5.00),
	(707,480,'蒸盆子',1,'盘','20251023124248000000265.webp',120.00),
	(708,481,'肉夹馍',1,'份','20250528093150000000190.webp',7.00),
	(709,481,'可乐',1,'罐','20251023123005000000718.webp',5.00),
	(710,481,'蒸盆子',0,'盘','20251023124248000000265.webp',0.00),
	(711,482,'糖醋排骨',1,'份','20250612115629000000437.jpeg',20.00),
	(712,482,'草莓蛋糕',1,'','20251023125436000000203.jpeg',12.00),
	(713,483,'草莓蛋糕',2,'个','20251023010205000000656.jpeg',28.00),
	(714,483,'米饭',2,'份','20250528093305000000564.webp',4.00),
	(715,484,'草莓蛋糕',3,'个','20251225124320000000709.jpg',45.00),
	(716,485,'米饭',1,'份','20250528093305000000564.webp',2.00),
	(717,485,'番茄炒蛋',1,'盘','20250528093245000000560.webp',10.00),
	(718,485,'面皮',1,'盘','20250528093209000000902.webp',1.00),
	(719,486,'草莓蛋糕',1,'个','20251225124320000000709.jpg',15.00),
	(720,487,'草莓蛋糕',1,'个','20251225124320000000709.jpg',15.00),
	(721,486,'红烧肉',1,'盘','20250528093337000000597.webp',15.00),
	(722,487,'红烧肉',1,'盘','20250528093337000000597.webp',15.00),
	(723,486,'米饭',1,'份','20250528093305000000564.webp',2.00),
	(724,487,'米饭',1,'份','20250528093305000000564.webp',2.00),
	(725,486,'番茄炒蛋',1,'盘','20250528093245000000560.webp',10.00),
	(726,487,'番茄炒蛋',1,'盘','20250528093245000000560.webp',10.00),
	(727,486,'面皮',1,'盘','20250528093209000000902.webp',1.00),
	(728,487,'面皮',1,'盘','20250528093209000000902.webp',1.00),
	(729,488,'土豆丝',1,'盘','20250528093725000000998.webp',10.00),
	(730,489,'番茄炒蛋',2,'盘','20250528093245000000560.webp',20.00),
	(731,490,'红烧肉',5,'盘','20250528093337000000597.webp',75.00),
	(732,490,'肉夹馍',2,'份','20250528093150000000190.webp',14.00),
	(733,491,'糖醋排骨',1,'份','20250612115629000000437.jpeg',20.00),
	(734,492,'番茄炒蛋',1,'盘','20250528093245000000560.webp',10.00);

/*!40000 ALTER TABLE `t_order_detail` ENABLE KEYS */;
UNLOCK TABLES;


# 转储表 t_table
# ------------------------------------------------------------

DROP TABLE IF EXISTS `t_table`;

CREATE TABLE `t_table` (
  `id` int NOT NULL AUTO_INCREMENT,
  `number` varchar(20) DEFAULT NULL COMMENT '桌号',
  `time` datetime DEFAULT NULL COMMENT '创建世间',
  `qrcode` varchar(100) DEFAULT NULL COMMENT '二维码',
  PRIMARY KEY (`id`)
) ENGINE=InnoDB DEFAULT CHARSET=utf8mb3;

LOCK TABLES `t_table` WRITE;
/*!40000 ALTER TABLE `t_table` DISABLE KEYS */;

INSERT INTO `t_table` (`id`, `number`, `time`, `qrcode`)
VALUES
	(80,'5','2026-01-30 10:37:02','5_20260130103708000000851.png'),
	(81,'122','2026-03-01 20:00:34','122_20260301080042000000256.png');

/*!40000 ALTER TABLE `t_table` ENABLE KEYS */;
UNLOCK TABLES;


# 转储表 t_unit
# ------------------------------------------------------------

DROP TABLE IF EXISTS `t_unit`;

CREATE TABLE `t_unit` (
  `id` int NOT NULL AUTO_INCREMENT,
  `label` varchar(100) DEFAULT NULL,
  `value` varchar(100) DEFAULT NULL,
  PRIMARY KEY (`id`)
) ENGINE=InnoDB DEFAULT CHARSET=utf8mb3;

LOCK TABLES `t_unit` WRITE;
/*!40000 ALTER TABLE `t_unit` DISABLE KEYS */;

INSERT INTO `t_unit` (`id`, `label`, `value`)
VALUES
	(1,'盘','盘'),
	(2,'锅','锅'),
	(3,'份','份'),
	(4,'瓶','瓶'),
	(5,'罐','罐'),
	(6,'个','个');

/*!40000 ALTER TABLE `t_unit` ENABLE KEYS */;
UNLOCK TABLES;



/*!40111 SET SQL_NOTES=@OLD_SQL_NOTES */;
/*!40101 SET SQL_MODE=@OLD_SQL_MODE */;
/*!40014 SET FOREIGN_KEY_CHECKS=@OLD_FOREIGN_KEY_CHECKS */;
/*!40101 SET CHARACTER_SET_CLIENT=@OLD_CHARACTER_SET_CLIENT */;
/*!40101 SET CHARACTER_SET_RESULTS=@OLD_CHARACTER_SET_RESULTS */;
/*!40101 SET COLLATION_CONNECTION=@OLD_COLLATION_CONNECTION */;
